"cluster"	"neighbor"	"dist"	"otu_id"	"taxonomy"	"Level1"	"Level2"	"Level3"	"Level4"	"Level5"	"Level6"	"Level7"
"1"	1	4	0.213872599257493	"663"	"Eukaryota;Stramenopiles;Ochrophyta;Eustigmatophyceae;Eustigmatophyceae_X;Eustigmatophyceae_XX;Nannochloropsis"	"Eukaryota"	"Stramenopiles"	"Ochrophyta"	"Eustigmatophyceae"	"Eustigmatophyceae_X"	"Eustigmatophyceae_XX"	"Nannochloropsis"
"2"	1	4	0.207492727938753	"670"	"Eukaryota;Stramenopiles;Ochrophyta;Raphidophyceae;Raphidophyceae_X;Raphidophyceae_XX;__"	"Eukaryota"	"Stramenopiles"	"Ochrophyta"	"Raphidophyceae"	"Raphidophyceae_X"	"Raphidophyceae_XX"	"__"
"3"	1	4	0.206093281091376	"116"	"Eukaryota;Alveolata;Ciliophora;Spirotrichea;Strombidiida;Strombidiidae_K;Strombidium_K"	"Eukaryota"	"Alveolata"	"Ciliophora"	"Spirotrichea"	"Strombidiida"	"Strombidiidae_K"	"Strombidium_K"
"4"	1	4	0.181749477704629	"378"	"Eukaryota;Opisthokonta;Choanoflagellida;Choanoflagellatea;Acanthoecida;Stephanoecidae_Group_H;__"	"Eukaryota"	"Opisthokonta"	"Choanoflagellida"	"Choanoflagellatea"	"Acanthoecida"	"Stephanoecidae_Group_H"	"__"
"5"	1	4	0.181141975695601	"489"	"Eukaryota;Opisthokonta;Metazoa;Myxozoa;Myxozoa_X;Myxosporea;Ellipsomyxa"	"Eukaryota"	"Opisthokonta"	"Metazoa"	"Myxozoa"	"Myxozoa_X"	"Myxosporea"	"Ellipsomyxa"
"6"	1	4	0.167867681294975	"179"	"Eukaryota;Alveolata;Dinoflagellata;Dinophyceae;Peridiniales;Thoracosphaeraceae;Pfiesteria"	"Eukaryota"	"Alveolata"	"Dinoflagellata"	"Dinophyceae"	"Peridiniales"	"Thoracosphaeraceae"	"Pfiesteria"
"7"	1	4	0.166351666226817	"564"	"Eukaryota;Rhizaria;Cercozoa;Filosa-Thecofilosea;Cryomonadida;Protaspa-lineage;Protaspa"	"Eukaryota"	"Rhizaria"	"Cercozoa"	"Filosa-Thecofilosea"	"Cryomonadida"	"Protaspa-lineage"	"Protaspa"
"8"	1	4	0.16244871695666	"212"	"Eukaryota;Alveolata;Dinoflagellata;Syndiniales;Dino-Group-II;Dino-Group-II-Clade-4;Amoebophrya"	"Eukaryota"	"Alveolata"	"Dinoflagellata"	"Syndiniales"	"Dino-Group-II"	"Dino-Group-II-Clade-4"	"Amoebophrya"
"9"	1	5	0.159110459847543	"636"	"Eukaryota;Stramenopiles;Ochrophyta;Chrysophyceae;Chrysophyceae_X;Chrysophyceae_Clade-C;Chrysolepidomonas"	"Eukaryota"	"Stramenopiles"	"Ochrophyta"	"Chrysophyceae"	"Chrysophyceae_X"	"Chrysophyceae_Clade-C"	"Chrysolepidomonas"
"10"	1	4	0.158176318026976	"128"	"Eukaryota;Alveolata;Ciliophora;Spirotrichea;Tintinnida;__;__"	"Eukaryota"	"Alveolata"	"Ciliophora"	"Spirotrichea"	"Tintinnida"	"__"	"__"
"11"	1	5	0.15566506424925	"541"	"Eukaryota;Rhizaria;Cercozoa;Filosa-Imbricatea;Euglyphida;Paulinellidae;Paulinella"	"Eukaryota"	"Rhizaria"	"Cercozoa"	"Filosa-Imbricatea"	"Euglyphida"	"Paulinellidae"	"Paulinella"
"12"	1	4	0.152328164528533	"252"	"Eukaryota;Archaeplastida;Chlorophyta;Mamiellophyceae;Dolichomastigales;Crustomastigaceae;Crustomastix"	"Eukaryota"	"Archaeplastida"	"Chlorophyta"	"Mamiellophyceae"	"Dolichomastigales"	"Crustomastigaceae"	"Crustomastix"
"13"	1	4	0.150702342077214	"175"	"Eukaryota;Alveolata;Dinoflagellata;Dinophyceae;Peridiniales;Thoracosphaeraceae;__"	"Eukaryota"	"Alveolata"	"Dinoflagellata"	"Dinophyceae"	"Peridiniales"	"Thoracosphaeraceae"	"__"
"14"	1	4	0.148729159941777	"572"	"Eukaryota;Rhizaria;Cercozoa;Filosa-Thecofilosea;Ebriida;TAGIRI1-lineage;TAGIRI1-lineage_X"	"Eukaryota"	"Rhizaria"	"Cercozoa"	"Filosa-Thecofilosea"	"Ebriida"	"TAGIRI1-lineage"	"TAGIRI1-lineage_X"
"15"	1	4	0.143865964679676	"184"	"Eukaryota;Alveolata;Dinoflagellata;Dinophyceae;Suessiales;__;__"	"Eukaryota"	"Alveolata"	"Dinoflagellata"	"Dinophyceae"	"Suessiales"	"__"	"__"
"16"	1	4	0.130243235311559	"157"	"Eukaryota;Alveolata;Dinoflagellata;Dinophyceae;Gymnodiniales;Gymnodiniaceae;Gymnodinium"	"Eukaryota"	"Alveolata"	"Dinoflagellata"	"Dinophyceae"	"Gymnodiniales"	"Gymnodiniaceae"	"Gymnodinium"
"17"	1	4	0.125736332073853	"269"	"Eukaryota;Archaeplastida;Chlorophyta;Prasino-Clade-V;Pseudoscourfieldiales;Pycnococcaceae;__"	"Eukaryota"	"Archaeplastida"	"Chlorophyta"	"Prasino-Clade-V"	"Pseudoscourfieldiales"	"Pycnococcaceae"	"__"
"18"	1	4	0.123289346642766	"684"	"Eukaryota;Stramenopiles;Stramenopiles_X;Bicoecea;Bicoecales;Bicoecaceae;Bicosoeca"	"Eukaryota"	"Stramenopiles"	"Stramenopiles"	"Bicoecea"	"Bicoecales"	"Bicoecaceae"	"Bicosoeca"
"19"	1	2	0.119192969180352	"260"	"Eukaryota;Archaeplastida;Chlorophyta;Mamiellophyceae;Mamiellales;Mamiellaceae;Mamiella"	"Eukaryota"	"Archaeplastida"	"Chlorophyta"	"Mamiellophyceae"	"Mamiellales"	"Mamiellaceae"	"Mamiella"
"20"	1	4	0.118097309734259	"167"	"Eukaryota;Alveolata;Dinoflagellata;Dinophyceae;Peridiniales;Amphidiniopsidaceae;Islandinium"	"Eukaryota"	"Alveolata"	"Dinoflagellata"	"Dinophyceae"	"Peridiniales"	"Amphidiniopsidaceae"	"Islandinium"
"21"	1	4	0.116138042587013	"618"	"Eukaryota;Stramenopiles;Ochrophyta;Bacillariophyta;Bacillariophyta_X;Raphid-pennate;Nitzschia"	"Eukaryota"	"Stramenopiles"	"Ochrophyta"	"Bacillariophyta"	"Bacillariophyta_X"	"Raphid-pennate"	"Nitzschia"
"22"	1	5	0.112545173342677	"13"	"Eukaryota;Alveolata;Apicomplexa;Apicomplexa_X;Gregarines;Gregarines_X;Gregarines_XX"	"Eukaryota"	"Alveolata"	"Apicomplexa"	"Apicomplexa_X"	"Gregarines"	"Gregarines_X"	"Gregarines_XX"
"23"	1	5	0.112454919196542	"180"	"Eukaryota;Alveolata;Dinoflagellata;Dinophyceae;Peridiniales;Thoracosphaeraceae;Scrippsiella"	"Eukaryota"	"Alveolata"	"Dinoflagellata"	"Dinophyceae"	"Peridiniales"	"Thoracosphaeraceae"	"Scrippsiella"
"24"	1	5	0.105594135892745	"342"	"Eukaryota;Hacrobia;Haptophyta;Prymnesiophyceae;__;__;__"	"Eukaryota"	"Hacrobia"	"Haptophyta"	"Prymnesiophyceae"	"__"	"__"	"__"
"25"	1	5	0.105200400863368	"376"	"Eukaryota;Opisthokonta;Choanoflagellida;Choanoflagellatea;Acanthoecida;Stephanoecidae_Group_D;Stephanoecidae_Group_D_X"	"Eukaryota"	"Opisthokonta"	"Choanoflagellida"	"Choanoflagellatea"	"Acanthoecida"	"Stephanoecidae_Group_D"	"Stephanoecidae_Group_D_X"
"26"	1	4	0.104004671793566	"481"	"Eukaryota;Opisthokonta;Metazoa;Mollusca;Bivalvia;Heteroconchia;Mulinia"	"Eukaryota"	"Opisthokonta"	"Metazoa"	"Mollusca"	"Bivalvia"	"Heteroconchia"	"Mulinia"
"27"	1	4	0.102606673009681	"232"	"Eukaryota;Apusozoa;Hilomonadea;Planomonadida;Planomonadidae;Planomonadidae_Group-1;Planomonadidae_Group-1_X"	"Eukaryota"	"Apusozoa"	"Hilomonadea"	"Planomonadida"	"Planomonadidae"	"Planomonadidae_Group-1"	"Planomonadidae_Group-1_X"
"28"	1	4	0.101677856499097	"68"	"Eukaryota;Alveolata;Ciliophora;Oligohymenophorea;Scuticociliatia_2;Scuticociliatia_2_X;Protocyclidium"	"Eukaryota"	"Alveolata"	"Ciliophora"	"Oligohymenophorea"	"Scuticociliatia_2"	"Scuticociliatia_2_X"	"Protocyclidium"
"29"	1	4	0.100928341134662	"724"	"Eukaryota;Stramenopiles;Stramenopiles_X;MAST;MAST-4;MAST-4D;MAST-4D_X"	"Eukaryota"	"Stramenopiles"	"Stramenopiles"	"MAST"	"MAST-4"	"MAST-4D"	"MAST-4D_X"
"30"	1	4	0.0991030200031922	"276"	"Eukaryota;Archaeplastida;Chlorophyta;Pyramimonadales;Pyramimonadales_X;Pyramimonadales_XX;Pyramimonas"	"Eukaryota"	"Archaeplastida"	"Chlorophyta"	"Pyramimonadales"	"Pyramimonadales_X"	"Pyramimonadales_XX"	"Pyramimonas"
"31"	1	3	0.098931178707185	"18"	"Eukaryota;Alveolata;Ciliophora;__;__;__;__"	"Eukaryota"	"Alveolata"	"Ciliophora"	"__"	"__"	"__"	"__"
"32"	1	4	0.0982861578886697	"459"	"Eukaryota;Opisthokonta;Metazoa;Arthropoda;Crustacea;Maxillopoda;Cyclopina"	"Eukaryota"	"Opisthokonta"	"Metazoa"	"Arthropoda"	"Crustacea"	"Maxillopoda"	"Cyclopina"
"33"	1	5	0.0966891962619798	"712"	"Eukaryota;Stramenopiles;Stramenopiles_X;MAST;MAST-12;MAST-12A;MAST-12A_X"	"Eukaryota"	"Stramenopiles"	"Stramenopiles"	"MAST"	"MAST-12"	"MAST-12A"	"MAST-12A_X"
"34"	1	4	0.0942558033959324	"430"	"Eukaryota;Opisthokonta;Mesomycetozoa;Ichthyosporea;Ichthyosphonida;Abeoformidae_Group_MAIP_2;Abeoformidae_Group_MAIP_2_X"	"Eukaryota"	"Opisthokonta"	"Mesomycetozoa"	"Ichthyosporea"	"Ichthyosphonida"	"Abeoformidae_Group_MAIP_2"	"Abeoformidae_Group_MAIP_2_X"
"35"	1	3	0.0935696613378255	"723"	"Eukaryota;Stramenopiles;Stramenopiles_X;MAST;MAST-3;MAST-3J;MAST-3J_X"	"Eukaryota"	"Stramenopiles"	"Stramenopiles"	"MAST"	"MAST-3"	"MAST-3J"	"MAST-3J_X"
"36"	1	4	0.0929489522147415	"646"	"Eukaryota;Stramenopiles;Ochrophyta;Chrysophyceae;Chrysophyceae_X;Chrysophyceae_Clade-G;Chrysophyceae_Clade-G_X"	"Eukaryota"	"Stramenopiles"	"Ochrophyta"	"Chrysophyceae"	"Chrysophyceae_X"	"Chrysophyceae_Clade-G"	"Chrysophyceae_Clade-G_X"
"37"	1	5	0.0910778450514352	"255"	"Eukaryota;Archaeplastida;Chlorophyta;Mamiellophyceae;Dolichomastigales;Dolichomastigaceae;Dolichomastix"	"Eukaryota"	"Archaeplastida"	"Chlorophyta"	"Mamiellophyceae"	"Dolichomastigales"	"Dolichomastigaceae"	"Dolichomastix"
"38"	1	4	0.0907790661455802	"479"	"Eukaryota;Opisthokonta;Metazoa;Mollusca;Bivalvia;Heteroconchia;Gemma"	"Eukaryota"	"Opisthokonta"	"Metazoa"	"Mollusca"	"Bivalvia"	"Heteroconchia"	"Gemma"
"39"	1	3	0.0868931988901277	"685"	"Eukaryota;Stramenopiles;Stramenopiles_X;Bicoecea;Bicoecales;Bicoecaceae;Halocafeteria"	"Eukaryota"	"Stramenopiles"	"Stramenopiles"	"Bicoecea"	"Bicoecales"	"Bicoecaceae"	"Halocafeteria"
"40"	1	5	0.0860887732611556	"366"	"Eukaryota;Opisthokonta;__;__;__;__;__"	"Eukaryota"	"Opisthokonta"	"Other"	"__"	"__"	"__"	"__"
"41"	1	4	0.0856745476937512	"325"	"Eukaryota;Hacrobia;Cryptophyta;Cryptophyceae;Cryptophyceae_X;Cryptomonadales;__"	"Eukaryota"	"Hacrobia"	"Cryptophyta"	"Cryptophyceae"	"Cryptophyceae_X"	"Cryptomonadales"	"__"
"42"	1	5	0.0850374950055217	"631"	"Eukaryota;Stramenopiles;Ochrophyta;Chrysophyceae;Chrysophyceae_X;Chrysophyceae_Clade_C;Ochromonas"	"Eukaryota"	"Stramenopiles"	"Ochrophyta"	"Chrysophyceae"	"Chrysophyceae_X"	"Chrysophyceae_Clade_C"	"Ochromonas"
"43"	1	4	0.0849699888383326	"199"	"Eukaryota;Alveolata;Dinoflagellata;Syndiniales;Dino-Group-II;Dino-Group-II-Clade-1;Dino-Group-II-Clade-1_X"	"Eukaryota"	"Alveolata"	"Dinoflagellata"	"Syndiniales"	"Dino-Group-II"	"Dino-Group-II-Clade-1"	"Dino-Group-II-Clade-1_X"
"44"	1	5	0.084822195622887	"484"	"Eukaryota;Opisthokonta;Metazoa;Mollusca;Bivalvia;Ostreoida;Crassostrea"	"Eukaryota"	"Opisthokonta"	"Metazoa"	"Mollusca"	"Bivalvia"	"Ostreoida"	"Crassostrea"
"45"	1	4	0.0828490411229249	"185"	"Eukaryota;Alveolata;Dinoflagellata;Dinophyceae;Suessiales;Suessiaceae;__"	"Eukaryota"	"Alveolata"	"Dinoflagellata"	"Dinophyceae"	"Suessiales"	"Suessiaceae"	"__"
"46"	1	4	0.0802208537504199	"334"	"Eukaryota;Hacrobia;Cryptophyta;Cryptophyceae;Cryptophyceae_X;Cryptophyceae_XX;Cryptophyceae_XXX"	"Eukaryota"	"Hacrobia"	"Cryptophyta"	"Cryptophyceae"	"Cryptophyceae_X"	"Cryptophyceae_XX"	"Cryptophyceae_XXX"
"47"	1	4	0.0784532488468777	"429"	"Eukaryota;Opisthokonta;Mesomycetozoa;Ichthyosporea;Ichthyosphonida;Abeoformidae_Group_MAIP_1;Abeoformidae_Group_MAIP_1_X"	"Eukaryota"	"Opisthokonta"	"Mesomycetozoa"	"Ichthyosporea"	"Ichthyosphonida"	"Abeoformidae_Group_MAIP_1"	"Abeoformidae_Group_MAIP_1_X"
"48"	1	3	0.0775379797600457	"645"	"Eukaryota;Stramenopiles;Ochrophyta;Chrysophyceae;Chrysophyceae_X;Chrysophyceae_Clade-F;Paraphysomonas"	"Eukaryota"	"Stramenopiles"	"Ochrophyta"	"Chrysophyceae"	"Chrysophyceae_X"	"Chrysophyceae_Clade-F"	"Paraphysomonas"
"49"	1	2	0.0774325458207933	"522"	"Eukaryota;Rhizaria;Cercozoa;Endomyxa;Vampyrellida;Vampyrellida_X;Thalassomyxa"	"Eukaryota"	"Rhizaria"	"Cercozoa"	"Endomyxa"	"Vampyrellida"	"Vampyrellida_X"	"Thalassomyxa"
"50"	1	5	0.0772543850644061	"270"	"Eukaryota;Archaeplastida;Chlorophyta;Prasino-Clade-V;Pseudoscourfieldiales;Pycnococcaceae;Pycnococcaceae-clade1"	"Eukaryota"	"Archaeplastida"	"Chlorophyta"	"Prasino-Clade-V"	"Pseudoscourfieldiales"	"Pycnococcaceae"	"Pycnococcaceae-clade1"
"51"	1	5	0.0753704615794429	"369"	"Eukaryota;Opisthokonta;Choanoflagellida;Choanoflagellatea;Acanthoecida;__;__"	"Eukaryota"	"Opisthokonta"	"Choanoflagellida"	"Choanoflagellatea"	"Acanthoecida"	"__"	"__"
"52"	1	5	0.0737548052893824	"123"	"Eukaryota;Alveolata;Ciliophora;Spirotrichea;Strombidiida;Strombidiidae;__"	"Eukaryota"	"Alveolata"	"Ciliophora"	"Spirotrichea"	"Strombidiida"	"Strombidiidae"	"__"
"53"	1	5	0.0736223489904815	"324"	"Eukaryota;Hacrobia;Cryptophyta;Cryptophyceae;Cryptophyceae_X;Basal_Cryptophyceae-2;Basal_Cryptophyceae-2_X"	"Eukaryota"	"Hacrobia"	"Cryptophyta"	"Cryptophyceae"	"Cryptophyceae_X"	"Basal_Cryptophyceae-2"	"Basal_Cryptophyceae-2_X"
"54"	1	5	0.0731177200247494	"715"	"Eukaryota;Stramenopiles;Stramenopiles_X;MAST;MAST-12;MAST-12D;MAST-12D_X"	"Eukaryota"	"Stramenopiles"	"Stramenopiles"	"MAST"	"MAST-12"	"MAST-12D"	"MAST-12D_X"
"55"	1	4	0.0718492945133717	"444"	"Eukaryota;Opisthokonta;Metazoa;Annelida;Annelida_X;Annelida_XX;Pectinaria"	"Eukaryota"	"Opisthokonta"	"Metazoa"	"Annelida"	"Annelida_X"	"Annelida_XX"	"Pectinaria"
"56"	1	4	0.0685243237412485	"583"	"Eukaryota;Stramenopiles;Ochrophyta;__;__;__;__"	"Eukaryota"	"Stramenopiles"	"Ochrophyta"	"__"	"__"	"__"	"__"
"57"	1	4	0.0679289906370357	"644"	"Eukaryota;Stramenopiles;Ochrophyta;Chrysophyceae;Chrysophyceae_X;Chrysophyceae_Clade-F;Chrysophyceae_Clade-F_X"	"Eukaryota"	"Stramenopiles"	"Ochrophyta"	"Chrysophyceae"	"Chrysophyceae_X"	"Chrysophyceae_Clade-F"	"Chrysophyceae_Clade-F_X"
"58"	1	4	0.0679164093669478	"189"	"Eukaryota;Alveolata;Dinoflagellata;Dinophyceae;Suessiales;Suessiaceae;Pelagodinium"	"Eukaryota"	"Alveolata"	"Dinoflagellata"	"Dinophyceae"	"Suessiales"	"Suessiaceae"	"Pelagodinium"
"59"	1	4	0.0659568984190725	"612"	"Eukaryota;Stramenopiles;Ochrophyta;Bacillariophyta;Bacillariophyta_X;Raphid-pennate;Cylindrotheca"	"Eukaryota"	"Stramenopiles"	"Ochrophyta"	"Bacillariophyta"	"Bacillariophyta_X"	"Raphid-pennate"	"Cylindrotheca"
"60"	1	4	0.0643927996755935	"209"	"Eukaryota;Alveolata;Dinoflagellata;Syndiniales;Dino-Group-II;Dino-Group-II-Clade-33;Dino-Group-II-Clade-33_X"	"Eukaryota"	"Alveolata"	"Dinoflagellata"	"Syndiniales"	"Dino-Group-II"	"Dino-Group-II-Clade-33"	"Dino-Group-II-Clade-33_X"
"61"	1	4	0.0636177924115088	"194"	"Eukaryota;Alveolata;Dinoflagellata;Syndiniales;Dino-Group-I;Dino-Group-I-Clade-4;Dino-Group-I-Clade-4_X"	"Eukaryota"	"Alveolata"	"Dinoflagellata"	"Syndiniales"	"Dino-Group-I"	"Dino-Group-I-Clade-4"	"Dino-Group-I-Clade-4_X"
"62"	1	5	0.0631449886700391	"610"	"Eukaryota;Stramenopiles;Ochrophyta;Bacillariophyta;Bacillariophyta_X;Raphid-pennate;Berkeleya"	"Eukaryota"	"Stramenopiles"	"Ochrophyta"	"Bacillariophyta"	"Bacillariophyta_X"	"Raphid-pennate"	"Berkeleya"
"63"	1	5	0.0607107616191668	"204"	"Eukaryota;Alveolata;Dinoflagellata;Syndiniales;Dino-Group-II;Dino-Group-II-Clade-2;Dino-Group-II-Clade-2_X"	"Eukaryota"	"Alveolata"	"Dinoflagellata"	"Syndiniales"	"Dino-Group-II"	"Dino-Group-II-Clade-2"	"Dino-Group-II-Clade-2_X"
"64"	1	5	0.0559254490618584	"374"	"Eukaryota;Opisthokonta;Choanoflagellida;Choanoflagellatea;Acanthoecida;Stephanoecidae_Group_D;__"	"Eukaryota"	"Opisthokonta"	"Choanoflagellida"	"Choanoflagellatea"	"Acanthoecida"	"Stephanoecidae_Group_D"	"__"
"65"	1	5	0.0544884268973694	"248"	"Eukaryota;Archaeplastida;Chlorophyta;Mamiellophyceae;__;__;__"	"Eukaryota"	"Archaeplastida"	"Chlorophyta"	"Mamiellophyceae"	"__"	"__"	"__"
"66"	1	5	0.0542665200295185	"332"	"Eukaryota;Hacrobia;Cryptophyta;Cryptophyceae;Cryptophyceae_X;Cryptomonadales;Rhodomonas"	"Eukaryota"	"Hacrobia"	"Cryptophyta"	"Cryptophyceae"	"Cryptophyceae_X"	"Cryptomonadales"	"Rhodomonas"
"67"	1	4	0.0542495612002294	"356"	"Eukaryota;Hacrobia;Katablepharidophyta;Katablepharidaceae;Katablepharidales;Katablepharidales_X;Leucocryptos"	"Eukaryota"	"Hacrobia"	"Katablepharidophyta"	"Katablepharidaceae"	"Katablepharidales"	"Katablepharidales_X"	"Leucocryptos"
"68"	1	4	0.0507193133660971	"733"	"Eukaryota;Stramenopiles;Stramenopiles_X;Oomycota;Oomycota_X;__;__"	"Eukaryota"	"Stramenopiles"	"Stramenopiles"	"Oomycota"	"Oomycota_X"	"__"	"__"
"69"	1	4	0.0505119126895858	"137"	"Eukaryota;Alveolata;Dinoflagellata;Dinophyceae;__;__;__"	"Eukaryota"	"Alveolata"	"Dinoflagellata"	"Dinophyceae"	"__"	"__"	"__"
"70"	1	4	0.0500057092997731	"89"	"Eukaryota;Alveolata;Ciliophora;Spirotrichea;Choreotrichida;Choreotrichida_X;Choreotrichida_XX"	"Eukaryota"	"Alveolata"	"Ciliophora"	"Spirotrichea"	"Choreotrichida"	"Choreotrichida_X"	"Choreotrichida_XX"
"71"	1	3	0.0476428332101071	"682"	"Eukaryota;Stramenopiles;Stramenopiles_X;Bicoecea;Bicoecales;Bicoecaceae;__"	"Eukaryota"	"Stramenopiles"	"Stramenopiles"	"Bicoecea"	"Bicoecales"	"Bicoecaceae"	"__"
"72"	1	4	0.0469448406262145	"732"	"Eukaryota;Stramenopiles;Stramenopiles_X;MOCH;MOCH-5;MOCH-5_X;MOCH-5_XX"	"Eukaryota"	"Stramenopiles"	"Stramenopiles"	"MOCH"	"MOCH-5"	"MOCH-5_X"	"MOCH-5_XX"
"73"	1	5	0.0461960223049205	"271"	"Eukaryota;Archaeplastida;Chlorophyta;Prasino-Clade-V;Pseudoscourfieldiales;Pycnococcaceae;Pycnococcus"	"Eukaryota"	"Archaeplastida"	"Chlorophyta"	"Prasino-Clade-V"	"Pseudoscourfieldiales"	"Pycnococcaceae"	"Pycnococcus"
"74"	1	4	0.0459248357137484	"574"	"Eukaryota;Rhizaria;Cercozoa;Filosa-Thecofilosea;Filosa-Thecofilosea_X;Mataza-lineage;Mataza"	"Eukaryota"	"Rhizaria"	"Cercozoa"	"Filosa-Thecofilosea"	"Filosa-Thecofilosea_X"	"Mataza-lineage"	"Mataza"
"75"	1	5	0.0451571810624931	"133"	"Eukaryota;Alveolata;Ciliophora;Spirotrichea;Tintinnida;TIN_07;Tintinnopsis_07"	"Eukaryota"	"Alveolata"	"Ciliophora"	"Spirotrichea"	"Tintinnida"	"TIN_07"	"Tintinnopsis_07"
"76"	1	4	0.0441129561287328	"388"	"Eukaryota;Opisthokonta;Choanoflagellida;Choanoflagellatea;Craspedida;Monosigidae_Group_M;Monosigidae_Group_M_X"	"Eukaryota"	"Opisthokonta"	"Choanoflagellida"	"Choanoflagellatea"	"Craspedida"	"Monosigidae_Group_M"	"Monosigidae_Group_M_X"
"77"	1	4	0.0435954902571036	"265"	"Eukaryota;Archaeplastida;Chlorophyta;Palmophyllophyceae;Prasinococcales;Prasinococcales-Clade-B;__"	"Eukaryota"	"Archaeplastida"	"Chlorophyta"	"Palmophyllophyceae"	"Prasinococcales"	"Prasinococcales-Clade-B"	"__"
"78"	1	4	0.0430946673989357	"702"	"Eukaryota;Stramenopiles;Stramenopiles_X;Labyrinthulea;Thraustochytriales;Thraustochytriaceae;Thraustochytriaceae_X"	"Eukaryota"	"Stramenopiles"	"Stramenopiles"	"Labyrinthulea"	"Thraustochytriales"	"Thraustochytriaceae"	"Thraustochytriaceae_X"
"79"	1	5	0.0425832768812487	"726"	"Eukaryota;Stramenopiles;Stramenopiles_X;MAST;MAST-6;MAST-6_X;MAST-6_XX"	"Eukaryota"	"Stramenopiles"	"Stramenopiles"	"MAST"	"MAST-6"	"MAST-6_X"	"MAST-6_XX"
"80"	1	4	0.0388047078172742	"627"	"Eukaryota;Stramenopiles;Ochrophyta;Bolidophyceae;Parmales;Parmales_X;Parmales_XX"	"Eukaryota"	"Stramenopiles"	"Ochrophyta"	"Bolidophyceae"	"Parmales"	"Parmales_X"	"Parmales_XX"
"81"	1	5	0.0375036428460288	"678"	"Eukaryota;Stramenopiles;Stramenopiles_X;Bicoecea;__;__;__"	"Eukaryota"	"Stramenopiles"	"Stramenopiles"	"Bicoecea"	"__"	"__"	"__"
"82"	1	4	0.0372053974728055	"594"	"Eukaryota;Stramenopiles;Ochrophyta;Bacillariophyta;Bacillariophyta_X;Polar-centric-Mediophyceae;Cyclotella"	"Eukaryota"	"Stramenopiles"	"Ochrophyta"	"Bacillariophyta"	"Bacillariophyta_X"	"Polar-centric-Mediophyceae"	"Cyclotella"
"83"	1	5	0.0347227748025041	"272"	"Eukaryota;Archaeplastida;Chlorophyta;Pyramimonadales;Pyramimonadales_X;Pyramimonadales_XX;__"	"Eukaryota"	"Archaeplastida"	"Chlorophyta"	"Pyramimonadales"	"Pyramimonadales_X"	"Pyramimonadales_XX"	"__"
"84"	1	5	0.0337322223661822	"210"	"Eukaryota;Alveolata;Dinoflagellata;Syndiniales;Dino-Group-II;Dino-Group-II-Clade-39;Dino-Group-II-Clade-39_X"	"Eukaryota"	"Alveolata"	"Dinoflagellata"	"Syndiniales"	"Dino-Group-II"	"Dino-Group-II-Clade-39"	"Dino-Group-II-Clade-39_X"
"85"	1	4	0.0305351527112133	"585"	"Eukaryota;Stramenopiles;Ochrophyta;Bacillariophyta;Bacillariophyta_X;Araphid-pennate;__"	"Eukaryota"	"Stramenopiles"	"Ochrophyta"	"Bacillariophyta"	"Bacillariophyta_X"	"Araphid-pennate"	"__"
"86"	1	4	0.0280785919188126	"347"	"Eukaryota;Hacrobia;Haptophyta;Prymnesiophyceae;Prymnesiales;Chrysochromulinaceae;Chrysochromulina"	"Eukaryota"	"Hacrobia"	"Haptophyta"	"Prymnesiophyceae"	"Prymnesiales"	"Chrysochromulinaceae"	"Chrysochromulina"
"87"	1	4	0.027800490329366	"456"	"Eukaryota;Opisthokonta;Metazoa;Arthropoda;Crustacea;Maxillopoda;Acartia"	"Eukaryota"	"Opisthokonta"	"Metazoa"	"Arthropoda"	"Crustacea"	"Maxillopoda"	"Acartia"
"88"	1	4	0.0261808464153084	"742"	"Eukaryota;Stramenopiles;Stramenopiles_X;Oomycota;Oomycota_X;Peronosporales;Peronosporales_X"	"Eukaryota"	"Stramenopiles"	"Stramenopiles"	"Oomycota"	"Oomycota_X"	"Peronosporales"	"Peronosporales_X"
"89"	1	2	0.0244949821136967	"227"	"Eukaryota;Amoebozoa;Lobosa;Tubulinea;Leptomyxida;Flabellulidae;Paraflabellula"	"Eukaryota"	"Amoebozoa"	"Lobosa"	"Tubulinea"	"Leptomyxida"	"Flabellulidae"	"Paraflabellula"
"90"	1	5	0.0228006516736945	"665"	"Eukaryota;Stramenopiles;Ochrophyta;Pelagophyceae;Pelagophyceae_X;Pelagophyceae_XX;Pelagophyceae_XXX"	"Eukaryota"	"Stramenopiles"	"Ochrophyta"	"Pelagophyceae"	"Pelagophyceae_X"	"Pelagophyceae_XX"	"Pelagophyceae_XXX"
"91"	1	4	0.0222690473326802	"247"	"Eukaryota;Archaeplastida;Chlorophyta;Chlorophyceae;Sphaeropleales;Sphaeropleales_X;Desmodesmus"	"Eukaryota"	"Archaeplastida"	"Chlorophyta"	"Chlorophyceae"	"Sphaeropleales"	"Sphaeropleales_X"	"Desmodesmus"
"92"	1	3	0.021109333499042	"368"	"Eukaryota;Opisthokonta;Choanoflagellida;Choanoflagellatea;__;__;__"	"Eukaryota"	"Opisthokonta"	"Choanoflagellida"	"Choanoflagellatea"	"__"	"__"	"__"
"93"	1	5	0.0141031090025581	"545"	"Eukaryota;Rhizaria;Cercozoa;Filosa-Imbricatea;Marimonadida;Marimonadida_X;Marimonadida_XX"	"Eukaryota"	"Rhizaria"	"Cercozoa"	"Filosa-Imbricatea"	"Marimonadida"	"Marimonadida_X"	"Marimonadida_XX"
"94"	1	4	0.0139974873208212	"10"	"Eukaryota;Alveolata;Apicomplexa;Apicomplexa_X;Colpodellidae;Colpodellidae_X;Colpodella"	"Eukaryota"	"Alveolata"	"Apicomplexa"	"Apicomplexa_X"	"Colpodellidae"	"Colpodellidae_X"	"Colpodella"
"95"	1	5	0.0122097629126847	"569"	"Eukaryota;Rhizaria;Cercozoa;Filosa-Thecofilosea;Ebriida;Botuliformidae;Botuliformidae_X"	"Eukaryota"	"Rhizaria"	"Cercozoa"	"Filosa-Thecofilosea"	"Ebriida"	"Botuliformidae"	"Botuliformidae_X"
"96"	1	4	0.0112595818676106	"677"	"Eukaryota;Stramenopiles;Stramenopiles_X;__;__;__;__"	"Eukaryota"	"Stramenopiles"	"Stramenopiles"	"__"	"__"	"__"	"__"
"97"	1	4	0.00912648925539472	"439"	"Eukaryota;Opisthokonta;Metazoa;Annelida;Annelida_X;Annelida_XX;__"	"Eukaryota"	"Opisthokonta"	"Metazoa"	"Annelida"	"Annelida_X"	"Annelida_XX"	"__"
"98"	1	5	0.00863479740353224	"206"	"Eukaryota;Alveolata;Dinoflagellata;Syndiniales;Dino-Group-II;Dino-Group-II-Clade-3;Dino-Group-II-Clade-3_X"	"Eukaryota"	"Alveolata"	"Dinoflagellata"	"Syndiniales"	"Dino-Group-II"	"Dino-Group-II-Clade-3"	"Dino-Group-II-Clade-3_X"
"99"	1	4	0.00130500254466559	"487"	"Eukaryota;Opisthokonta;Metazoa;Mollusca;Gastropoda;Heterobranchia;__"	"Eukaryota"	"Opisthokonta"	"Metazoa"	"Mollusca"	"Gastropoda"	"Heterobranchia"	"__"
"100"	1	5	0.000360637967193767	"710"	"Eukaryota;Stramenopiles;Stramenopiles_X;MAST;MAST-12;__;__"	"Eukaryota"	"Stramenopiles"	"Stramenopiles"	"MAST"	"MAST-12"	"__"	"__"
"101"	1	2	-0.00777967591075968	"469"	"Eukaryota;Opisthokonta;Metazoa;Cnidaria;Cnidaria_X;Anthozoa;Diadumene"	"Eukaryota"	"Opisthokonta"	"Metazoa"	"Cnidaria"	"Cnidaria_X"	"Anthozoa"	"Diadumene"
"102"	1	2	-0.0111931363120652	"47"	"Eukaryota;Alveolata;Ciliophora;Oligohymenophorea;Peritrichia_2;Sessilida;Pseudovorticella"	"Eukaryota"	"Alveolata"	"Ciliophora"	"Oligohymenophorea"	"Peritrichia_2"	"Sessilida"	"Pseudovorticella"
"103"	1	5	-0.0222013318261189	"197"	"Eukaryota;Alveolata;Dinoflagellata;Syndiniales;Dino-Group-II;Dino-Group-II_X;Dino-Group-II_XX"	"Eukaryota"	"Alveolata"	"Dinoflagellata"	"Syndiniales"	"Dino-Group-II"	"Dino-Group-II_X"	"Dino-Group-II_XX"
"104"	2	3	0.147368917254729	"361"	"Eukaryota;Hacrobia;Telonemia;Telonemia_X;Telonemia_XX;Telonemia-Group-1;Telonema-Group-1"	"Eukaryota"	"Hacrobia"	"Telonemia"	"Telonemia_X"	"Telonemia_XX"	"Telonemia-Group-1"	"Telonema-Group-1"
"105"	2	3	0.131018660493975	"708"	"Eukaryota;Stramenopiles;Stramenopiles_X;MAST;MAST-1;MAST-1C;MAST-1C_X"	"Eukaryota"	"Stramenopiles"	"Stramenopiles"	"MAST"	"MAST-1"	"MAST-1C"	"MAST-1C_X"
"106"	2	3	0.125178966922088	"250"	"Eukaryota;Archaeplastida;Chlorophyta;Mamiellophyceae;Dolichomastigales;Crustomastigaceae;__"	"Eukaryota"	"Archaeplastida"	"Chlorophyta"	"Mamiellophyceae"	"Dolichomastigales"	"Crustomastigaceae"	"__"
"107"	2	3	0.119641914168813	"425"	"Eukaryota;Opisthokonta;Fungi;Cryptomycota;Cryptomycotina;Cryptomycotina_X;Cryptomycotina_XX"	"Eukaryota"	"Opisthokonta"	"Fungi"	"Cryptomycota"	"Cryptomycotina"	"Cryptomycotina_X"	"Cryptomycotina_XX"
"108"	2	3	0.11694079437233	"383"	"Eukaryota;Opisthokonta;Choanoflagellida;Choanoflagellatea;Choanoflagellatea_X;Choanoflagellatea_X_Group_L;Choanoflagellatea_X_Group_L_X"	"Eukaryota"	"Opisthokonta"	"Choanoflagellida"	"Choanoflagellatea"	"Choanoflagellatea_X"	"Choanoflagellatea_X_Group_L"	"Choanoflagellatea_X_Group_L_X"
"109"	2	3	0.115112012647714	"251"	"Eukaryota;Archaeplastida;Chlorophyta;Mamiellophyceae;Dolichomastigales;Crustomastigaceae;Crustomastigaceae-AB"	"Eukaryota"	"Archaeplastida"	"Chlorophyta"	"Mamiellophyceae"	"Dolichomastigales"	"Crustomastigaceae"	"Crustomastigaceae-AB"
"110"	2	3	0.1089408131639	"95"	"Eukaryota;Alveolata;Ciliophora;Spirotrichea;Choreotrichida;Strobilidiidae;Strobilidiidae_X"	"Eukaryota"	"Alveolata"	"Ciliophora"	"Spirotrichea"	"Choreotrichida"	"Strobilidiidae"	"Strobilidiidae_X"
"111"	2	3	0.107721506865677	"117"	"Eukaryota;Alveolata;Ciliophora;Spirotrichea;Strombidiida;Strombidiidae_L;Strombidiidae_L_X"	"Eukaryota"	"Alveolata"	"Ciliophora"	"Spirotrichea"	"Strombidiida"	"Strombidiidae_L"	"Strombidiidae_L_X"
"112"	2	4	0.107615292987949	"207"	"Eukaryota;Alveolata;Dinoflagellata;Syndiniales;Dino-Group-II;Dino-Group-II-Clade-30;Dino-Group-II-Clade-30_X"	"Eukaryota"	"Alveolata"	"Dinoflagellata"	"Syndiniales"	"Dino-Group-II"	"Dino-Group-II-Clade-30"	"Dino-Group-II-Clade-30_X"
"113"	2	3	0.106803476392908	"339"	"Eukaryota;Hacrobia;Haptophyta;Haptophyta_X;Haptophyta_XX;Haptophyta_XXX;Haptophyta_XXXX"	"Eukaryota"	"Hacrobia"	"Haptophyta"	"Haptophyta_X"	"Haptophyta_XX"	"Haptophyta_XXX"	"Haptophyta_XXXX"
"114"	2	3	0.104329478110711	"526"	"Eukaryota;Rhizaria;Cercozoa;Filosa-Chlorarachnea;Filosa-Chlorarachnea_X;NPK2-lineage;NPK2-lineage_X"	"Eukaryota"	"Rhizaria"	"Cercozoa"	"Filosa-Chlorarachnea"	"Filosa-Chlorarachnea_X"	"NPK2-lineage"	"NPK2-lineage_X"
"115"	2	3	0.102200780873137	"380"	"Eukaryota;Opisthokonta;Choanoflagellida;Choanoflagellatea;Acanthoecida;Stephanoecidae_Group_H;Stephanoeca_Group_H"	"Eukaryota"	"Opisthokonta"	"Choanoflagellida"	"Choanoflagellatea"	"Acanthoecida"	"Stephanoecidae_Group_H"	"Stephanoeca_Group_H"
"116"	2	3	0.102035344281745	"706"	"Eukaryota;Stramenopiles;Stramenopiles_X;MAST;MAST-1;MAST-1A;MAST-1A_X"	"Eukaryota"	"Stramenopiles"	"Stramenopiles"	"MAST"	"MAST-1"	"MAST-1A"	"MAST-1A_X"
"117"	2	3	0.101757038612813	"494"	"Eukaryota;Opisthokonta;Metazoa;Nematoda;Chromadorea;Chromadorea_X;Halomonhystera"	"Eukaryota"	"Opisthokonta"	"Metazoa"	"Nematoda"	"Chromadorea"	"Chromadorea_X"	"Halomonhystera"
"118"	2	3	0.0994153920178948	"727"	"Eukaryota;Stramenopiles;Stramenopiles_X;MAST;MAST-7;MAST-7A;MAST-7A_X"	"Eukaryota"	"Stramenopiles"	"Stramenopiles"	"MAST"	"MAST-7"	"MAST-7A"	"MAST-7A_X"
"119"	2	3	0.0993128482120154	"156"	"Eukaryota;Alveolata;Dinoflagellata;Dinophyceae;Gymnodiniales;Gymnodiniaceae;Balechina"	"Eukaryota"	"Alveolata"	"Dinoflagellata"	"Dinophyceae"	"Gymnodiniales"	"Gymnodiniaceae"	"Balechina"
"120"	2	3	0.0982108846080263	"85"	"Eukaryota;Alveolata;Ciliophora;Prostomatea_2;Prostomatea_2_X;Placidae;Spathidiopsis"	"Eukaryota"	"Alveolata"	"Ciliophora"	"Prostomatea_2"	"Prostomatea_2_X"	"Placidae"	"Spathidiopsis"
"121"	2	3	0.0972900972188134	"205"	"Eukaryota;Alveolata;Dinoflagellata;Syndiniales;Dino-Group-II;Dino-Group-II-Clade-26;Dino-Group-II-Clade-26_X"	"Eukaryota"	"Alveolata"	"Dinoflagellata"	"Syndiniales"	"Dino-Group-II"	"Dino-Group-II-Clade-26"	"Dino-Group-II-Clade-26_X"
"122"	2	3	0.0945029486196961	"393"	"Eukaryota;Opisthokonta;Choanoflagellida;Choanoflagellida_X;Choanoflagellida_XX;Choanoflagellida_XXX;Choanoflagellida_XXXX"	"Eukaryota"	"Opisthokonta"	"Choanoflagellida"	"Choanoflagellida_X"	"Choanoflagellida_XX"	"Choanoflagellida_XXX"	"Choanoflagellida_XXXX"
"123"	2	3	0.090753792004199	"163"	"Eukaryota;Alveolata;Dinoflagellata;Dinophyceae;Gymnodiniales;Kareniaceae;__"	"Eukaryota"	"Alveolata"	"Dinoflagellata"	"Dinophyceae"	"Gymnodiniales"	"Kareniaceae"	"__"
"124"	2	4	0.0883537191117967	"736"	"Eukaryota;Stramenopiles;Stramenopiles_X;Oomycota;Oomycota_X;Haliphthorales;Halocrusticida"	"Eukaryota"	"Stramenopiles"	"Stramenopiles"	"Oomycota"	"Oomycota_X"	"Haliphthorales"	"Halocrusticida"
"125"	2	3	0.0865101984916415	"490"	"Eukaryota;Opisthokonta;Metazoa;Nematoda;Chromadorea;Chromadorea_X;__"	"Eukaryota"	"Opisthokonta"	"Metazoa"	"Nematoda"	"Chromadorea"	"Chromadorea_X"	"__"
"126"	2	3	0.086350970781746	"623"	"Eukaryota;Stramenopiles;Ochrophyta;Bacillariophyta;Bacillariophyta_X;Raphid-pennate;Stauroneis"	"Eukaryota"	"Stramenopiles"	"Ochrophyta"	"Bacillariophyta"	"Bacillariophyta_X"	"Raphid-pennate"	"Stauroneis"
"127"	2	4	0.0818163693328698	"695"	"Eukaryota;Stramenopiles;Stramenopiles_X;Labyrinthulea;Labyrinthulales;Labyrinthulaceae;Oblongichytrium"	"Eukaryota"	"Stramenopiles"	"Stramenopiles"	"Labyrinthulea"	"Labyrinthulales"	"Labyrinthulaceae"	"Oblongichytrium"
"128"	2	3	0.0815545634730458	"69"	"Eukaryota;Alveolata;Ciliophora;Phyllopharyngea;__;__;__"	"Eukaryota"	"Alveolata"	"Ciliophora"	"Phyllopharyngea"	"__"	"__"	"__"
"129"	2	3	0.0787494488215359	"121"	"Eukaryota;Alveolata;Ciliophora;Spirotrichea;Strombidiida;Strombidiidae_R;__"	"Eukaryota"	"Alveolata"	"Ciliophora"	"Spirotrichea"	"Strombidiida"	"Strombidiidae_R"	"__"
"130"	2	3	0.077007205997502	"472"	"Eukaryota;Opisthokonta;Metazoa;Cnidaria;Cnidaria_X;Hydrozoa;Rathkea"	"Eukaryota"	"Opisthokonta"	"Metazoa"	"Cnidaria"	"Cnidaria_X"	"Hydrozoa"	"Rathkea"
"131"	2	3	0.076665053640865	"111"	"Eukaryota;Alveolata;Ciliophora;Spirotrichea;Strombidiida;Strombidiidae_F;Strombidium_F"	"Eukaryota"	"Alveolata"	"Ciliophora"	"Spirotrichea"	"Strombidiida"	"Strombidiidae_F"	"Strombidium_F"
"132"	2	3	0.0740906713734427	"154"	"Eukaryota;Alveolata;Dinoflagellata;Dinophyceae;Gymnodiniales;Gymnodiniaceae;Akashiwo"	"Eukaryota"	"Alveolata"	"Dinoflagellata"	"Dinophyceae"	"Gymnodiniales"	"Gymnodiniaceae"	"Akashiwo"
"133"	2	3	0.0736991163772112	"718"	"Eukaryota;Stramenopiles;Stramenopiles_X;MAST;MAST-2;MAST-2D;MAST-2D_X"	"Eukaryota"	"Stramenopiles"	"Stramenopiles"	"MAST"	"MAST-2"	"MAST-2D"	"MAST-2D_X"
"134"	2	3	0.0734357824822585	"134"	"Eukaryota;Alveolata;Ciliophora;Spirotrichea;Tintinnida;TIN_11;__"	"Eukaryota"	"Alveolata"	"Ciliophora"	"Spirotrichea"	"Tintinnida"	"TIN_11"	"__"
"135"	2	3	0.0728399458052067	"641"	"Eukaryota;Stramenopiles;Ochrophyta;Chrysophyceae;Chrysophyceae_X;Chrysophyceae_Clade-C;Spumella"	"Eukaryota"	"Stramenopiles"	"Ochrophyta"	"Chrysophyceae"	"Chrysophyceae_X"	"Chrysophyceae_Clade-C"	"Spumella"
"136"	2	3	0.0716860710694389	"460"	"Eukaryota;Opisthokonta;Metazoa;Arthropoda;Crustacea;Maxillopoda;Eurytemora"	"Eukaryota"	"Opisthokonta"	"Metazoa"	"Arthropoda"	"Crustacea"	"Maxillopoda"	"Eurytemora"
"137"	2	3	0.0715136023771515	"158"	"Eukaryota;Alveolata;Dinoflagellata;Dinophyceae;Gymnodiniales;Gymnodiniaceae;Gyrodinium"	"Eukaryota"	"Alveolata"	"Dinoflagellata"	"Dinophyceae"	"Gymnodiniales"	"Gymnodiniaceae"	"Gyrodinium"
"138"	2	3	0.0706970035921234	"455"	"Eukaryota;Opisthokonta;Metazoa;Arthropoda;Crustacea;Maxillopoda;__"	"Eukaryota"	"Opisthokonta"	"Metazoa"	"Arthropoda"	"Crustacea"	"Maxillopoda"	"__"
"139"	2	4	0.0696007121162501	"288"	"Eukaryota;Archaeplastida;Chlorophyta;Ulvophyceae;Ulotrichales;Ulotrichales_X;__"	"Eukaryota"	"Archaeplastida"	"Chlorophyta"	"Ulvophyceae"	"Ulotrichales"	"Ulotrichales_X"	"__"
"140"	2	3	0.0695310985060296	"126"	"Eukaryota;Alveolata;Ciliophora;Spirotrichea;Strombidiida;Tontoniidae_A;Laboea"	"Eukaryota"	"Alveolata"	"Ciliophora"	"Spirotrichea"	"Strombidiida"	"Tontoniidae_A"	"Laboea"
"141"	2	3	0.0656057623396562	"46"	"Eukaryota;Alveolata;Ciliophora;Oligohymenophorea;Peritrichia_2;Sessilida;__"	"Eukaryota"	"Alveolata"	"Ciliophora"	"Oligohymenophorea"	"Peritrichia_2"	"Sessilida"	"__"
"142"	2	3	0.062640796494114	"346"	"Eukaryota;Hacrobia;Haptophyta;Prymnesiophyceae;Prymnesiales;__;__"	"Eukaryota"	"Hacrobia"	"Haptophyta"	"Prymnesiophyceae"	"Prymnesiales"	"__"	"__"
"143"	2	4	0.0615109851000367	"333"	"Eukaryota;Hacrobia;Cryptophyta;Cryptophyceae;Cryptophyceae_X;Cryptomonadales;Teleaulax"	"Eukaryota"	"Hacrobia"	"Cryptophyta"	"Cryptophyceae"	"Cryptophyceae_X"	"Cryptomonadales"	"Teleaulax"
"144"	2	3	0.050271883817262	"508"	"Eukaryota;Opisthokonta;Metazoa;Rotifera;Rotifera_X;Rotifera_XX;Brachionus"	"Eukaryota"	"Opisthokonta"	"Metazoa"	"Rotifera"	"Rotifera_X"	"Rotifera_XX"	"Brachionus"
"145"	2	3	0.048388768440869	"650"	"Eukaryota;Stramenopiles;Ochrophyta;Dictyochophyceae;Dictyochophyceae_X;__;__"	"Eukaryota"	"Stramenopiles"	"Ochrophyta"	"Dictyochophyceae"	"Dictyochophyceae_X"	"__"	"__"
"146"	2	5	0.0471848899777759	"254"	"Eukaryota;Archaeplastida;Chlorophyta;Mamiellophyceae;Dolichomastigales;Dolichomastigaceae;Dolichomastigaceae-B"	"Eukaryota"	"Archaeplastida"	"Chlorophyta"	"Mamiellophyceae"	"Dolichomastigales"	"Dolichomastigaceae"	"Dolichomastigaceae-B"
"147"	2	4	0.0469729301880508	"453"	"Eukaryota;Opisthokonta;Metazoa;Arthropoda;Crustacea;Crustacea_X;Crustacea_XX"	"Eukaryota"	"Opisthokonta"	"Metazoa"	"Arthropoda"	"Crustacea"	"Crustacea_X"	"Crustacea_XX"
"148"	2	3	0.0460322594487408	"532"	"Eukaryota;Rhizaria;Cercozoa;Filosa-Granofilosea;Filosa-Granofilosea_X;he2-lineage;he2-lineage_X"	"Eukaryota"	"Rhizaria"	"Cercozoa"	"Filosa-Granofilosea"	"Filosa-Granofilosea_X"	"he2-lineage"	"he2-lineage_X"
"149"	2	4	0.0458693724634545	"497"	"Eukaryota;Opisthokonta;Metazoa;Nemertea;Nemertea_X;Nemertea_XX;__"	"Eukaryota"	"Opisthokonta"	"Metazoa"	"Nemertea"	"Nemertea_X"	"Nemertea_XX"	"__"
"150"	2	4	0.0457095411616284	"603"	"Eukaryota;Stramenopiles;Ochrophyta;Bacillariophyta;Bacillariophyta_X;Radial-centric-basal-Coscinodiscophyceae;Melosira"	"Eukaryota"	"Stramenopiles"	"Ochrophyta"	"Bacillariophyta"	"Bacillariophyta_X"	"Radial-centric-basal-Coscinodiscophyceae"	"Melosira"
"151"	2	4	0.0434852409168515	"421"	"Eukaryota;Opisthokonta;Fungi;Chytridiomycota;Chytridiomycotina;Chytridiomycetes;Rhizophydium"	"Eukaryota"	"Opisthokonta"	"Fungi"	"Chytridiomycota"	"Chytridiomycotina"	"Chytridiomycetes"	"Rhizophydium"
"152"	2	3	0.0433554225273162	"502"	"Eukaryota;Opisthokonta;Metazoa;Platyhelminthes;Turbellaria;Prolecithophora;Plagiostomum"	"Eukaryota"	"Opisthokonta"	"Metazoa"	"Platyhelminthes"	"Turbellaria"	"Prolecithophora"	"Plagiostomum"
"153"	2	3	0.0422522098535696	"561"	"Eukaryota;Rhizaria;Cercozoa;Filosa-Thecofilosea;Cryomonadida;Cryomonadida_X;Cryomonadida_XX"	"Eukaryota"	"Rhizaria"	"Cercozoa"	"Filosa-Thecofilosea"	"Cryomonadida"	"Cryomonadida_X"	"Cryomonadida_XX"
"154"	2	4	0.0421086480121431	"520"	"Eukaryota;Rhizaria;Cercozoa;Endomyxa;Vampyrellida;Sey055-lineage;Sey055-lineage_X"	"Eukaryota"	"Rhizaria"	"Cercozoa"	"Endomyxa"	"Vampyrellida"	"Sey055-lineage"	"Sey055-lineage_X"
"155"	2	3	0.0404872796045772	"477"	"Eukaryota;Opisthokonta;Metazoa;Ctenophora;Ctenophora_X;Ctenophora_XX;__"	"Eukaryota"	"Opisthokonta"	"Metazoa"	"Ctenophora"	"Ctenophora_X"	"Ctenophora_XX"	"__"
"156"	2	4	0.0393956214653628	"441"	"Eukaryota;Opisthokonta;Metazoa;Annelida;Annelida_X;Annelida_XX;Heteromastus"	"Eukaryota"	"Opisthokonta"	"Metazoa"	"Annelida"	"Annelida_X"	"Annelida_XX"	"Heteromastus"
"157"	2	3	0.0382912143346754	"613"	"Eukaryota;Stramenopiles;Ochrophyta;Bacillariophyta;Bacillariophyta_X;Raphid-pennate;Cymbella"	"Eukaryota"	"Stramenopiles"	"Ochrophyta"	"Bacillariophyta"	"Bacillariophyta_X"	"Raphid-pennate"	"Cymbella"
"158"	2	4	0.0373642038014936	"517"	"Eukaryota;Rhizaria;Cercozoa;Endomyxa;Vampyrellida;op14-lineage;op14-lineage_X"	"Eukaryota"	"Rhizaria"	"Cercozoa"	"Endomyxa"	"Vampyrellida"	"op14-lineage"	"op14-lineage_X"
"159"	2	4	0.0342310218654348	"258"	"Eukaryota;Archaeplastida;Chlorophyta;Mamiellophyceae;Mamiellales;Bathycoccaceae;Ostreococcus"	"Eukaryota"	"Archaeplastida"	"Chlorophyta"	"Mamiellophyceae"	"Mamiellales"	"Bathycoccaceae"	"Ostreococcus"
"160"	2	4	0.0326556095847441	"452"	"Eukaryota;Opisthokonta;Metazoa;Arthropoda;Crustacea;Branchiopoda;__"	"Eukaryota"	"Opisthokonta"	"Metazoa"	"Arthropoda"	"Crustacea"	"Branchiopoda"	"__"
"161"	2	1	0.027007261007174	"50"	"Eukaryota;Alveolata;Ciliophora;Oligohymenophorea;Peritrichia_2;Sessilida;Zoothamnopsis"	"Eukaryota"	"Alveolata"	"Ciliophora"	"Oligohymenophorea"	"Peritrichia_2"	"Sessilida"	"Zoothamnopsis"
"162"	2	3	0.0269042123720374	"161"	"Eukaryota;Alveolata;Dinoflagellata;Dinophyceae;Gymnodiniales;Gymnodiniaceae;Polykrikos"	"Eukaryota"	"Alveolata"	"Dinoflagellata"	"Dinophyceae"	"Gymnodiniales"	"Gymnodiniaceae"	"Polykrikos"
"163"	2	4	0.0256804516406984	"419"	"Eukaryota;Opisthokonta;Fungi;Chytridiomycota;Chytridiomycotina;Chytridiomycetes;Powellomycetaceae"	"Eukaryota"	"Opisthokonta"	"Fungi"	"Chytridiomycota"	"Chytridiomycotina"	"Chytridiomycetes"	"Powellomycetaceae"
"164"	2	1	0.0246384730962264	"239"	"Eukaryota;Archaeplastida;Chlorophyta;Chlorodendrophyceae;Chlorodendrales;Chlorodendraceae;Tetraselmis"	"Eukaryota"	"Archaeplastida"	"Chlorophyta"	"Chlorodendrophyceae"	"Chlorodendrales"	"Chlorodendraceae"	"Tetraselmis"
"165"	2	3	0.0227017107748909	"458"	"Eukaryota;Opisthokonta;Metazoa;Arthropoda;Crustacea;Maxillopoda;Centropages"	"Eukaryota"	"Opisthokonta"	"Metazoa"	"Arthropoda"	"Crustacea"	"Maxillopoda"	"Centropages"
"166"	2	4	0.0206286485750252	"164"	"Eukaryota;Alveolata;Dinoflagellata;Dinophyceae;Gymnodiniales;Warnowiaceae;__"	"Eukaryota"	"Alveolata"	"Dinoflagellata"	"Dinophyceae"	"Gymnodiniales"	"Warnowiaceae"	"__"
"167"	2	5	0.0199163725107034	"261"	"Eukaryota;Archaeplastida;Chlorophyta;Mamiellophyceae;Mamiellales;Mamiellaceae;Mantoniella"	"Eukaryota"	"Archaeplastida"	"Chlorophyta"	"Mamiellophyceae"	"Mamiellales"	"Mamiellaceae"	"Mantoniella"
"168"	2	4	0.0136182942912911	"524"	"Eukaryota;Rhizaria;Cercozoa;Endomyxa;Vampyrellida;Vampyrellida_X;Vampyrellida_XX"	"Eukaryota"	"Rhizaria"	"Cercozoa"	"Endomyxa"	"Vampyrellida"	"Vampyrellida_X"	"Vampyrellida_XX"
"169"	2	4	0.0135136366543386	"669"	"Eukaryota;Stramenopiles;Ochrophyta;Phaeophyceae;Phaeophyceae_X;Phaeophyceae_XX;Ectocarpus"	"Eukaryota"	"Stramenopiles"	"Ochrophyta"	"Phaeophyceae"	"Phaeophyceae_X"	"Phaeophyceae_XX"	"Ectocarpus"
"170"	2	4	-0.000146929694340492	"734"	"Eukaryota;Stramenopiles;Stramenopiles_X;Oomycota;Oomycota_X;Haliphthorales;Haliphthorales_X"	"Eukaryota"	"Stramenopiles"	"Stramenopiles"	"Oomycota"	"Oomycota_X"	"Haliphthorales"	"Haliphthorales_X"
"171"	2	3	-0.00316927662934507	"396"	"Eukaryota;Opisthokonta;Fungi;Ascomycota;Pezizomycotina;__;__"	"Eukaryota"	"Opisthokonta"	"Fungi"	"Ascomycota"	"Pezizomycotina"	"__"	"__"
"172"	2	3	-0.00541252563968631	"344"	"Eukaryota;Hacrobia;Haptophyta;Prymnesiophyceae;Coccolithales;Calyptrosphaeraceae;Calyptrosphaera"	"Eukaryota"	"Hacrobia"	"Haptophyta"	"Prymnesiophyceae"	"Coccolithales"	"Calyptrosphaeraceae"	"Calyptrosphaera"
"173"	2	4	-0.00958003594361434	"562"	"Eukaryota;Rhizaria;Cercozoa;Filosa-Thecofilosea;Cryomonadida;Cryothecomonas-lineage;Cryothecomonas"	"Eukaryota"	"Rhizaria"	"Cercozoa"	"Filosa-Thecofilosea"	"Cryomonadida"	"Cryothecomonas-lineage"	"Cryothecomonas"
"174"	2	4	-0.0138867620800674	"440"	"Eukaryota;Opisthokonta;Metazoa;Annelida;Annelida_X;Annelida_XX;Eteone"	"Eukaryota"	"Opisthokonta"	"Metazoa"	"Annelida"	"Annelida_X"	"Annelida_XX"	"Eteone"
"175"	2	3	-0.0431267835001483	"686"	"Eukaryota;Stramenopiles;Stramenopiles_X;Bicoecea;Pseudodendromonadales;Pseudodendromonadales_X;__"	"Eukaryota"	"Stramenopiles"	"Stramenopiles"	"Bicoecea"	"Pseudodendromonadales"	"Pseudodendromonadales_X"	"__"
"176"	3	2	0.215830957810678	"30"	"Eukaryota;Alveolata;Ciliophora;CONThreeP;CONThreeP_X;CONThreeP_XX;Paraspathidium"	"Eukaryota"	"Alveolata"	"Ciliophora"	"CONThreeP"	"CONThreeP_X"	"CONThreeP_XX"	"Paraspathidium"
"177"	3	5	0.208848574166648	"341"	"Eukaryota;Hacrobia;Haptophyta;Pavlovophyceae;Pavlovales;Pavlovaceae;Rebecca"	"Eukaryota"	"Hacrobia"	"Haptophyta"	"Pavlovophyceae"	"Pavlovales"	"Pavlovaceae"	"Rebecca"
"178"	3	2	0.192064022740422	"44"	"Eukaryota;Alveolata;Ciliophora;Oligohymenophorea;Peniculia;Frontoniidae_1;Frontonia_1"	"Eukaryota"	"Alveolata"	"Ciliophora"	"Oligohymenophorea"	"Peniculia"	"Frontoniidae_1"	"Frontonia_1"
"179"	3	5	0.187362912546006	"26"	"Eukaryota;Alveolata;Ciliophora;CONTH_3;CONTH_3_X;CONTH_3_XX;CONTH_3_XXX"	"Eukaryota"	"Alveolata"	"Ciliophora"	"CONTH_3"	"CONTH_3_X"	"CONTH_3_XX"	"CONTH_3_XXX"
"180"	3	2	0.183392463737141	"719"	"Eukaryota;Stramenopiles;Stramenopiles_X;MAST;MAST-20;MAST-20_X;MAST-20_XX"	"Eukaryota"	"Stramenopiles"	"Stramenopiles"	"MAST"	"MAST-20"	"MAST-20_X"	"MAST-20_XX"
"181"	3	2	0.15273200370939	"82"	"Eukaryota;Alveolata;Ciliophora;Plagiopylea;Plagiopylea_X;Plagiopylidae;Plagiopylidae_X"	"Eukaryota"	"Alveolata"	"Ciliophora"	"Plagiopylea"	"Plagiopylea_X"	"Plagiopylidae"	"Plagiopylidae_X"
"182"	3	2	0.151191140214789	"39"	"Eukaryota;Alveolata;Ciliophora;Oligohymenophorea;OLIGO8;OLIGO8_X;OLIGO8_XX"	"Eukaryota"	"Alveolata"	"Ciliophora"	"Oligohymenophorea"	"OLIGO8"	"OLIGO8_X"	"OLIGO8_XX"
"183"	3	5	0.150071688887709	"671"	"Eukaryota;Stramenopiles;Ochrophyta;Raphidophyceae;Raphidophyceae_X;Raphidophyceae_XX;Chattonella"	"Eukaryota"	"Stramenopiles"	"Ochrophyta"	"Raphidophyceae"	"Raphidophyceae_X"	"Raphidophyceae_XX"	"Chattonella"
"184"	3	2	0.148331109181515	"268"	"Eukaryota;Archaeplastida;Chlorophyta;Pedinophyceae;Marsupiomonadales;Marsupiomonadaceae;Marsupiomonas"	"Eukaryota"	"Archaeplastida"	"Chlorophyta"	"Pedinophyceae"	"Marsupiomonadales"	"Marsupiomonadaceae"	"Marsupiomonas"
"185"	3	2	0.14187520607869	"110"	"Eukaryota;Alveolata;Ciliophora;Spirotrichea;Strombidiida;Strombidiidae_E;Strombidium_E"	"Eukaryota"	"Alveolata"	"Ciliophora"	"Spirotrichea"	"Strombidiida"	"Strombidiidae_E"	"Strombidium_E"
"186"	3	5	0.136621268856279	"659"	"Eukaryota;Stramenopiles;Ochrophyta;Dictyochophyceae;Dictyochophyceae_X;Rhizochromulinales;__"	"Eukaryota"	"Stramenopiles"	"Ochrophyta"	"Dictyochophyceae"	"Dictyochophyceae_X"	"Rhizochromulinales"	"__"
"187"	3	2	0.129839136998689	"337"	"Eukaryota;Hacrobia;Hacrobia_X;Hacrobia_XX;Hacrobia_XXX;Hacrobia_XXXX;Palpitomonas"	"Eukaryota"	"Hacrobia"	"Hacrobia"	"Hacrobia_XX"	"Hacrobia_XXX"	"Hacrobia_XXXX"	"Palpitomonas"
"188"	3	2	0.122421039181876	"60"	"Eukaryota;Alveolata;Ciliophora;Oligohymenophorea;Scuticociliatia_2;Pleuronematida;Cyclidium_2"	"Eukaryota"	"Alveolata"	"Ciliophora"	"Oligohymenophorea"	"Scuticociliatia_2"	"Pleuronematida"	"Cyclidium_2"
"189"	3	2	0.120123421436967	"214"	"Eukaryota;Alveolata;Dinoflagellata;Syndiniales;Dino-Group-II;Dino-Group-II-Clade-5;Dino-Group-II-Clade-5_X"	"Eukaryota"	"Alveolata"	"Dinoflagellata"	"Syndiniales"	"Dino-Group-II"	"Dino-Group-II-Clade-5"	"Dino-Group-II-Clade-5_X"
"190"	3	2	0.11316027339792	"679"	"Eukaryota;Stramenopiles;Stramenopiles_X;Bicoecea;Anoecales;Cafeteriaceae;Cafeteria"	"Eukaryota"	"Stramenopiles"	"Stramenopiles"	"Bicoecea"	"Anoecales"	"Cafeteriaceae"	"Cafeteria"
"191"	3	5	0.104624027443982	"331"	"Eukaryota;Hacrobia;Cryptophyta;Cryptophyceae;Cryptophyceae_X;Cryptomonadales;Proteomonas"	"Eukaryota"	"Hacrobia"	"Cryptophyta"	"Cryptophyceae"	"Cryptophyceae_X"	"Cryptomonadales"	"Proteomonas"
"192"	3	2	0.0955854191088096	"38"	"Eukaryota;Alveolata;Ciliophora;Oligohymenophorea;OLIGO6;OLIGO6_X;OLIGO6_XX"	"Eukaryota"	"Alveolata"	"Ciliophora"	"Oligohymenophorea"	"OLIGO6"	"OLIGO6_X"	"OLIGO6_XX"
"193"	3	2	0.0923452437782678	"66"	"Eukaryota;Alveolata;Ciliophora;Oligohymenophorea;Scuticociliatia_2;Scuticociliatia_2_X;Cristigera"	"Eukaryota"	"Alveolata"	"Ciliophora"	"Oligohymenophorea"	"Scuticociliatia_2"	"Scuticociliatia_2_X"	"Cristigera"
"194"	3	5	0.0903338558480229	"119"	"Eukaryota;Alveolata;Ciliophora;Spirotrichea;Strombidiida;Strombidiidae_N;Strombidium_N"	"Eukaryota"	"Alveolata"	"Ciliophora"	"Spirotrichea"	"Strombidiida"	"Strombidiidae_N"	"Strombidium_N"
"195"	3	5	0.0899699178436483	"683"	"Eukaryota;Stramenopiles;Stramenopiles_X;Bicoecea;Bicoecales;Bicoecaceae;Bicoecaceae_X"	"Eukaryota"	"Stramenopiles"	"Stramenopiles"	"Bicoecea"	"Bicoecales"	"Bicoecaceae"	"Bicoecaceae_X"
"196"	3	2	0.0897041732482793	"335"	"Eukaryota;Hacrobia;Cryptophyta;Cryptophyceae;Cryptophyceae_X;Goniomonadales;Goniomonadales_X"	"Eukaryota"	"Hacrobia"	"Cryptophyta"	"Cryptophyceae"	"Cryptophyceae_X"	"Goniomonadales"	"Goniomonadales_X"
"197"	3	2	0.0893289170565404	"86"	"Eukaryota;Alveolata;Ciliophora;Prostomatea_3;Prostomatea_3_X;Holophryidae;Prorodon"	"Eukaryota"	"Alveolata"	"Ciliophora"	"Prostomatea_3"	"Prostomatea_3_X"	"Holophryidae"	"Prorodon"
"198"	3	1	0.0833269928984089	"582"	"Eukaryota;Stramenopiles;__;__;__;__;__"	"Eukaryota"	"Stramenopiles"	"Other"	"__"	"__"	"__"	"__"
"199"	3	2	0.0809907195664568	"602"	"Eukaryota;Stramenopiles;Ochrophyta;Bacillariophyta;Bacillariophyta_X;Radial-centric-basal-Coscinodiscophyceae;Leptocylindrus"	"Eukaryota"	"Stramenopiles"	"Ochrophyta"	"Bacillariophyta"	"Bacillariophyta_X"	"Radial-centric-basal-Coscinodiscophyceae"	"Leptocylindrus"
"200"	3	2	0.0786979262015483	"124"	"Eukaryota;Alveolata;Ciliophora;Spirotrichea;Strombidiida;Strombidiidae;Novistrombidium"	"Eukaryota"	"Alveolata"	"Ciliophora"	"Spirotrichea"	"Strombidiida"	"Strombidiidae"	"Novistrombidium"
"201"	3	2	0.0778989008961062	"61"	"Eukaryota;Alveolata;Ciliophora;Oligohymenophorea;Scuticociliatia_2;Pleuronematida;Pleuronema"	"Eukaryota"	"Alveolata"	"Ciliophora"	"Oligohymenophorea"	"Scuticociliatia_2"	"Pleuronematida"	"Pleuronema"
"202"	3	5	0.0674604609679356	"171"	"Eukaryota;Alveolata;Dinoflagellata;Dinophyceae;Peridiniales;Kryptoperidiniaceae;Durinskia"	"Eukaryota"	"Alveolata"	"Dinoflagellata"	"Dinophyceae"	"Peridiniales"	"Kryptoperidiniaceae"	"Durinskia"
"203"	3	5	0.0572885241365346	"570"	"Eukaryota;Rhizaria;Cercozoa;Filosa-Thecofilosea;Ebriida;Ebriida_X;Ebriida_XX"	"Eukaryota"	"Rhizaria"	"Cercozoa"	"Filosa-Thecofilosea"	"Ebriida"	"Ebriida_X"	"Ebriida_XX"
"204"	3	5	0.0550227453559839	"599"	"Eukaryota;Stramenopiles;Ochrophyta;Bacillariophyta;Bacillariophyta_X;Polar-centric-Mediophyceae;Skeletonema"	"Eukaryota"	"Stramenopiles"	"Ochrophyta"	"Bacillariophyta"	"Bacillariophyta_X"	"Polar-centric-Mediophyceae"	"Skeletonema"
"205"	3	2	0.0533794582450439	"36"	"Eukaryota;Alveolata;Ciliophora;Oligohymenophorea;__;__;__"	"Eukaryota"	"Alveolata"	"Ciliophora"	"Oligohymenophorea"	"__"	"__"	"__"
"206"	3	2	0.0486653700547865	"313"	"Eukaryota;Excavata;Discoba;Jakobida;Jakobida_X;Jakobida_XX;Jakobida_XXX"	"Eukaryota"	"Excavata"	"Discoba"	"Jakobida"	"Jakobida_X"	"Jakobida_XX"	"Jakobida_XXX"
"207"	3	5	0.046074517981528	"593"	"Eukaryota;Stramenopiles;Ochrophyta;Bacillariophyta;Bacillariophyta_X;Polar-centric-Mediophyceae;Chaetoceros"	"Eukaryota"	"Stramenopiles"	"Ochrophyta"	"Bacillariophyta"	"Bacillariophyta_X"	"Polar-centric-Mediophyceae"	"Chaetoceros"
"208"	3	1	0.0434704928982299	"370"	"Eukaryota;Opisthokonta;Choanoflagellida;Choanoflagellatea;Acanthoecida;Acanthoecidae_Group_G;__"	"Eukaryota"	"Opisthokonta"	"Choanoflagellida"	"Choanoflagellatea"	"Acanthoecida"	"Acanthoecidae_Group_G"	"__"
"209"	3	4	0.0431399180958911	"87"	"Eukaryota;Alveolata;Ciliophora;Spirotrichea;__;__;__"	"Eukaryota"	"Alveolata"	"Ciliophora"	"Spirotrichea"	"__"	"__"	"__"
"210"	3	5	0.0415862017393187	"427"	"Eukaryota;Opisthokonta;Fungi;Fungi_X;Fungi_XX;Fungi_XXX;Fungi_XXXX"	"Eukaryota"	"Opisthokonta"	"Fungi"	"Fungi_X"	"Fungi_XX"	"Fungi_XXX"	"Fungi_XXXX"
"211"	3	5	0.0388120791745391	"672"	"Eukaryota;Stramenopiles;Ochrophyta;Raphidophyceae;Raphidophyceae_X;Raphidophyceae_XX;Chloromorum"	"Eukaryota"	"Stramenopiles"	"Ochrophyta"	"Raphidophyceae"	"Raphidophyceae_X"	"Raphidophyceae_XX"	"Chloromorum"
"212"	3	2	0.0330908657956741	"739"	"Eukaryota;Stramenopiles;Stramenopiles_X;Oomycota;Oomycota_X;Peronosporales;__"	"Eukaryota"	"Stramenopiles"	"Stramenopiles"	"Oomycota"	"Oomycota_X"	"Peronosporales"	"__"
"213"	3	2	0.0259735713045645	"362"	"Eukaryota;Hacrobia;Telonemia;Telonemia_X;Telonemia_XX;Telonemia-Group-1;Telonemia-Group-1_X"	"Eukaryota"	"Hacrobia"	"Telonemia"	"Telonemia_X"	"Telonemia_XX"	"Telonemia-Group-1"	"Telonemia-Group-1_X"
"214"	3	5	0.0255677217233262	"395"	"Eukaryota;Opisthokonta;Fungi;__;__;__;__"	"Eukaryota"	"Opisthokonta"	"Fungi"	"__"	"__"	"__"	"__"
"215"	3	5	0.0184235451996306	"162"	"Eukaryota;Alveolata;Dinoflagellata;Dinophyceae;Gymnodiniales;Gymnodiniales_X;Levanderina"	"Eukaryota"	"Alveolata"	"Dinoflagellata"	"Dinophyceae"	"Gymnodiniales"	"Gymnodiniales_X"	"Levanderina"
"216"	3	2	0.0109646872285415	"635"	"Eukaryota;Stramenopiles;Ochrophyta;Chrysophyceae;Chrysophyceae_X;Chrysophyceae_Clade-C;__"	"Eukaryota"	"Stramenopiles"	"Ochrophyta"	"Chrysophyceae"	"Chrysophyceae_X"	"Chrysophyceae_Clade-C"	"__"
"217"	3	5	0.00930948821681599	"2"	"Eukaryota;Alveolata;__;__;__;__;__"	"Eukaryota"	"Alveolata"	"Other"	"__"	"__"	"__"	"__"
"218"	3	1	-0.00134105896728864	"661"	"Eukaryota;Stramenopiles;Ochrophyta;Dictyochophyceae;Dictyochophyceae_X;Rhizochromulinales;Rhizochromulinales_X"	"Eukaryota"	"Stramenopiles"	"Ochrophyta"	"Dictyochophyceae"	"Dictyochophyceae_X"	"Rhizochromulinales"	"Rhizochromulinales_X"
"219"	3	5	-0.00526223170112405	"132"	"Eukaryota;Alveolata;Ciliophora;Spirotrichea;Tintinnida;TIN_01;Tintinnopsis_01"	"Eukaryota"	"Alveolata"	"Ciliophora"	"Spirotrichea"	"Tintinnida"	"TIN_01"	"Tintinnopsis_01"
"220"	3	5	-0.0075617912641992	"700"	"Eukaryota;Stramenopiles;Stramenopiles_X;Labyrinthulea;Thraustochytriales;Thraustochytriaceae;Labyrinthuloides"	"Eukaryota"	"Stramenopiles"	"Stramenopiles"	"Labyrinthulea"	"Thraustochytriales"	"Thraustochytriaceae"	"Labyrinthuloides"
"221"	3	2	-0.00969167841983676	"352"	"Eukaryota;Hacrobia;Haptophyta;Prymnesiophyceae;Prymnesiales;Prymnesiophyceae_Clade_B4;Prymnesiophyceae_Clade_B4_X"	"Eukaryota"	"Hacrobia"	"Haptophyta"	"Prymnesiophyceae"	"Prymnesiales"	"Prymnesiophyceae_Clade_B4"	"Prymnesiophyceae_Clade_B4_X"
"222"	3	2	-0.0100185445869733	"365"	"Eukaryota;Hacrobia;Telonemia;Telonemia_X;Telonemia_XX;Telonemia-Group-2;Telonemia-Group-2_X"	"Eukaryota"	"Hacrobia"	"Telonemia"	"Telonemia_X"	"Telonemia_XX"	"Telonemia-Group-2"	"Telonemia-Group-2_X"
"223"	3	5	-0.0168994656656706	"730"	"Eukaryota;Stramenopiles;Stramenopiles_X;MAST;MAST-9;MAST-9D;MAST-9D_X"	"Eukaryota"	"Stramenopiles"	"Stramenopiles"	"MAST"	"MAST-9"	"MAST-9D"	"MAST-9D_X"
"224"	3	1	-0.0208291086357283	"643"	"Eukaryota;Stramenopiles;Ochrophyta;Chrysophyceae;Chrysophyceae_X;Chrysophyceae_Clade-F;__"	"Eukaryota"	"Stramenopiles"	"Ochrophyta"	"Chrysophyceae"	"Chrysophyceae_X"	"Chrysophyceae_Clade-F"	"__"
"225"	3	2	-0.0222007109071637	"463"	"Eukaryota;Opisthokonta;Metazoa;Arthropoda;Crustacea;Maxillopoda;Lamproglena"	"Eukaryota"	"Opisthokonta"	"Metazoa"	"Arthropoda"	"Crustacea"	"Maxillopoda"	"Lamproglena"
"226"	3	5	-0.0238383385223564	"145"	"Eukaryota;Alveolata;Dinoflagellata;Dinophyceae;Gonyaulacales;Goniodomataceae;Alexandrium"	"Eukaryota"	"Alveolata"	"Dinoflagellata"	"Dinophyceae"	"Gonyaulacales"	"Goniodomataceae"	"Alexandrium"
"227"	3	5	-0.0277140896448981	"213"	"Eukaryota;Alveolata;Dinoflagellata;Syndiniales;Dino-Group-II;Dino-Group-II-Clade-4;Dino-Group-II-Clade-4_X"	"Eukaryota"	"Alveolata"	"Dinoflagellata"	"Syndiniales"	"Dino-Group-II"	"Dino-Group-II-Clade-4"	"Dino-Group-II-Clade-4_X"
"228"	3	2	-0.0452972321451031	"491"	"Eukaryota;Opisthokonta;Metazoa;Nematoda;Chromadorea;Chromadorea_X;Axonolaimus"	"Eukaryota"	"Opisthokonta"	"Metazoa"	"Nematoda"	"Chromadorea"	"Chromadorea_X"	"Axonolaimus"
"229"	4	1	0.138373120697151	"565"	"Eukaryota;Rhizaria;Cercozoa;Filosa-Thecofilosea;Cryomonadida;Protaspa-lineage;Protaspa-lineage_X"	"Eukaryota"	"Rhizaria"	"Cercozoa"	"Filosa-Thecofilosea"	"Cryomonadida"	"Protaspa-lineage"	"Protaspa-lineage_X"
"230"	4	3	0.127624626117721	"600"	"Eukaryota;Stramenopiles;Ochrophyta;Bacillariophyta;Bacillariophyta_X;Polar-centric-Mediophyceae;Thalassiosira"	"Eukaryota"	"Stramenopiles"	"Ochrophyta"	"Bacillariophyta"	"Bacillariophyta_X"	"Polar-centric-Mediophyceae"	"Thalassiosira"
"231"	4	2	0.112632124525089	"675"	"Eukaryota;Stramenopiles;Ochrophyta;Xanthophyceae;Xanthophyceae_X;Xanthophyceae_XX;__"	"Eukaryota"	"Stramenopiles"	"Ochrophyta"	"Xanthophyceae"	"Xanthophyceae_X"	"Xanthophyceae_XX"	"__"
"232"	4	1	0.109714958831303	"626"	"Eukaryota;Stramenopiles;Ochrophyta;Bolidophyceae;Parmales;Parmales_env_3;Parmales_env_3A"	"Eukaryota"	"Stramenopiles"	"Ochrophyta"	"Bolidophyceae"	"Parmales"	"Parmales_env_3"	"Parmales_env_3A"
"233"	4	1	0.108565568273533	"748"	"Eukaryota;Stramenopiles;Stramenopiles_X;Pirsonia_Clade;Pirsonia_Clade_X;Pirsonia_Clade_XX;Pirsonia_Clade__XXX"	"Eukaryota"	"Stramenopiles"	"Stramenopiles"	"Pirsonia_Clade"	"Pirsonia_Clade_X"	"Pirsonia_Clade_XX"	"Pirsonia_Clade__XXX"
"234"	4	2	0.108239443166247	"328"	"Eukaryota;Hacrobia;Cryptophyta;Cryptophyceae;Cryptophyceae_X;Cryptomonadales;Falcomonas"	"Eukaryota"	"Hacrobia"	"Cryptophyta"	"Cryptophyceae"	"Cryptophyceae_X"	"Cryptomonadales"	"Falcomonas"
"235"	4	2	0.101570625402583	"625"	"Eukaryota;Stramenopiles;Ochrophyta;Bolidophyceae;Parmales;Parmales_env_2;Parmales_env_2_X"	"Eukaryota"	"Stramenopiles"	"Ochrophyta"	"Bolidophyceae"	"Parmales"	"Parmales_env_2"	"Parmales_env_2_X"
"236"	4	1	0.0968438479903728	"475"	"Eukaryota;Opisthokonta;Metazoa;Craniata;Craniata_X;Teleostei;__"	"Eukaryota"	"Opisthokonta"	"Metazoa"	"Craniata"	"Craniata_X"	"Teleostei"	"__"
"237"	4	1	0.0943354888591397	"91"	"Eukaryota;Alveolata;Ciliophora;Spirotrichea;Choreotrichida;Strobilidiidae_A;Rimostrombidium_A"	"Eukaryota"	"Alveolata"	"Ciliophora"	"Spirotrichea"	"Choreotrichida"	"Strobilidiidae_A"	"Rimostrombidium_A"
"238"	4	1	0.0913969070509244	"280"	"Eukaryota;Archaeplastida;Chlorophyta;Trebouxiophyceae;Chlorellales;Chlorellales_X;Picochlorum"	"Eukaryota"	"Archaeplastida"	"Chlorophyta"	"Trebouxiophyceae"	"Chlorellales"	"Chlorellales_X"	"Picochlorum"
"239"	4	2	0.0840103923964947	"109"	"Eukaryota;Alveolata;Ciliophora;Spirotrichea;Strombidiida;__;__"	"Eukaryota"	"Alveolata"	"Ciliophora"	"Spirotrichea"	"Strombidiida"	"__"	"__"
"240"	4	1	0.0804599201127901	"654"	"Eukaryota;Stramenopiles;Ochrophyta;Dictyochophyceae;Dictyochophyceae_X;Pedinellales;__"	"Eukaryota"	"Stramenopiles"	"Ochrophyta"	"Dictyochophyceae"	"Dictyochophyceae_X"	"Pedinellales"	"__"
"241"	4	1	0.0790640155247322	"235"	"Eukaryota;Archaeplastida;__;__;__;__;__"	"Eukaryota"	"Archaeplastida"	"Other"	"__"	"__"	"__"	"__"
"242"	4	1	0.0754067935769123	"413"	"Eukaryota;Opisthokonta;Fungi;Chytridiomycota;Chytridiomycotina;Chytridiomycetes;__"	"Eukaryota"	"Opisthokonta"	"Fungi"	"Chytridiomycota"	"Chytridiomycotina"	"Chytridiomycetes"	"__"
"243"	4	1	0.0651071626411945	"559"	"Eukaryota;Rhizaria;Cercozoa;Filosa-Thecofilosea;__;__;__"	"Eukaryota"	"Rhizaria"	"Cercozoa"	"Filosa-Thecofilosea"	"__"	"__"	"__"
"244"	4	2	0.0623416374894518	"289"	"Eukaryota;Archaeplastida;Chlorophyta;Ulvophyceae;Ulotrichales;Ulotrichales_X;Gayralia"	"Eukaryota"	"Archaeplastida"	"Chlorophyta"	"Ulvophyceae"	"Ulotrichales"	"Ulotrichales_X"	"Gayralia"
"245"	4	1	0.0616096795190804	"263"	"Eukaryota;Archaeplastida;Chlorophyta;Mamiellophyceae;Mamiellales;Mamiellaceae;RCC391"	"Eukaryota"	"Archaeplastida"	"Chlorophyta"	"Mamiellophyceae"	"Mamiellales"	"Mamiellaceae"	"RCC391"
"246"	4	1	0.0597298373736727	"241"	"Eukaryota;Archaeplastida;Chlorophyta;Chlorophyceae;Chlamydomonadales;Chlamydomonadales_X;__"	"Eukaryota"	"Archaeplastida"	"Chlorophyta"	"Chlorophyceae"	"Chlamydomonadales"	"Chlamydomonadales_X"	"__"
"247"	4	3	0.0596104857607674	"122"	"Eukaryota;Alveolata;Ciliophora;Spirotrichea;Strombidiida;Strombidiidae_R;Strombidium_R"	"Eukaryota"	"Alveolata"	"Ciliophora"	"Spirotrichea"	"Strombidiida"	"Strombidiidae_R"	"Strombidium_R"
"248"	4	1	0.0581940425798276	"196"	"Eukaryota;Alveolata;Dinoflagellata;Syndiniales;Dino-Group-II;__;__"	"Eukaryota"	"Alveolata"	"Dinoflagellata"	"Syndiniales"	"Dino-Group-II"	"__"	"__"
"249"	4	1	0.0569537613193234	"329"	"Eukaryota;Hacrobia;Cryptophyta;Cryptophyceae;Cryptophyceae_X;Cryptomonadales;Hemiselmis"	"Eukaryota"	"Hacrobia"	"Cryptophyta"	"Cryptophyceae"	"Cryptophyceae_X"	"Cryptomonadales"	"Hemiselmis"
"250"	4	5	0.0558378659628334	"731"	"Eukaryota;Stramenopiles;Stramenopiles_X;MOCH;MOCH-3;MOCH-3_X;MOCH-3_XX"	"Eukaryota"	"Stramenopiles"	"Stramenopiles"	"MOCH"	"MOCH-3"	"MOCH-3_X"	"MOCH-3_XX"
"251"	4	1	0.0547662666668486	"141"	"Eukaryota;Alveolata;Dinoflagellata;Dinophyceae;Dinophysiales;Dinophysiaceae;Dinophysis"	"Eukaryota"	"Alveolata"	"Dinoflagellata"	"Dinophyceae"	"Dinophysiales"	"Dinophysiaceae"	"Dinophysis"
"252"	4	1	0.0526747795499394	"215"	"Eukaryota;Alveolata;Dinoflagellata;Syndiniales;Dino-Group-II;Dino-Group-II-Clade-56;Dino-Group-II-Clade-56_X"	"Eukaryota"	"Alveolata"	"Dinoflagellata"	"Syndiniales"	"Dino-Group-II"	"Dino-Group-II-Clade-56"	"Dino-Group-II-Clade-56_X"
"253"	4	2	0.0524117890874926	"482"	"Eukaryota;Opisthokonta;Metazoa;Mollusca;Bivalvia;Heteroconchia;Mya"	"Eukaryota"	"Opisthokonta"	"Metazoa"	"Mollusca"	"Bivalvia"	"Heteroconchia"	"Mya"
"254"	4	1	0.0476533582770799	"422"	"Eukaryota;Opisthokonta;Fungi;Chytridiomycota;Chytridiomycotina;Chytridiomycetes;Rhyzophidiales"	"Eukaryota"	"Opisthokonta"	"Fungi"	"Chytridiomycota"	"Chytridiomycotina"	"Chytridiomycetes"	"Rhyzophidiales"
"255"	4	2	0.0475876613145356	"244"	"Eukaryota;Archaeplastida;Chlorophyta;Chlorophyceae;Chlamydomonadales;Chlamydomonadales_X;Chlamydomonas"	"Eukaryota"	"Archaeplastida"	"Chlorophyta"	"Chlorophyceae"	"Chlamydomonadales"	"Chlamydomonadales_X"	"Chlamydomonas"
"256"	4	5	0.0461666436815847	"262"	"Eukaryota;Archaeplastida;Chlorophyta;Mamiellophyceae;Mamiellales;Mamiellaceae;Micromonas"	"Eukaryota"	"Archaeplastida"	"Chlorophyta"	"Mamiellophyceae"	"Mamiellales"	"Mamiellaceae"	"Micromonas"
"257"	4	2	0.045940223443348	"656"	"Eukaryota;Stramenopiles;Ochrophyta;Dictyochophyceae;Dictyochophyceae_X;Pedinellales;Pedinellales_X"	"Eukaryota"	"Stramenopiles"	"Ochrophyta"	"Dictyochophyceae"	"Dictyochophyceae_X"	"Pedinellales"	"Pedinellales_X"
"258"	4	2	0.0445577940161438	"480"	"Eukaryota;Opisthokonta;Metazoa;Mollusca;Bivalvia;Heteroconchia;Macoma"	"Eukaryota"	"Opisthokonta"	"Metazoa"	"Mollusca"	"Bivalvia"	"Heteroconchia"	"Macoma"
"259"	4	2	0.0408821631548916	"186"	"Eukaryota;Alveolata;Dinoflagellata;Dinophyceae;Suessiales;Suessiaceae;Ansanella"	"Eukaryota"	"Alveolata"	"Dinoflagellata"	"Dinophyceae"	"Suessiales"	"Suessiaceae"	"Ansanella"
"260"	4	1	0.0379589928142715	"647"	"Eukaryota;Stramenopiles;Ochrophyta;Chrysophyceae;Chrysophyceae_X;Chrysophyceae_Clade-H;Chrysophyceae_Clade-H_X"	"Eukaryota"	"Stramenopiles"	"Ochrophyta"	"Chrysophyceae"	"Chrysophyceae_X"	"Chrysophyceae_Clade-H"	"Chrysophyceae_Clade-H_X"
"261"	4	1	0.0345282423737271	"628"	"Eukaryota;Stramenopiles;Ochrophyta;Bolidophyceae;Parmales;Triparmaceae;Triparma"	"Eukaryota"	"Stramenopiles"	"Ochrophyta"	"Bolidophyceae"	"Parmales"	"Triparmaceae"	"Triparma"
"262"	4	1	0.0331031419464968	"417"	"Eukaryota;Opisthokonta;Fungi;Chytridiomycota;Chytridiomycotina;Chytridiomycetes;Entophlyctis"	"Eukaryota"	"Opisthokonta"	"Fungi"	"Chytridiomycota"	"Chytridiomycotina"	"Chytridiomycetes"	"Entophlyctis"
"263"	4	2	0.0301915012633499	"653"	"Eukaryota;Stramenopiles;Ochrophyta;Dictyochophyceae;Dictyochophyceae_X;Florenciellales;__"	"Eukaryota"	"Stramenopiles"	"Ochrophyta"	"Dictyochophyceae"	"Dictyochophyceae_X"	"Florenciellales"	"__"
"264"	4	2	0.0279996507394611	"442"	"Eukaryota;Opisthokonta;Metazoa;Annelida;Annelida_X;Annelida_XX;Leitoscoloplos"	"Eukaryota"	"Opisthokonta"	"Metazoa"	"Annelida"	"Annelida_X"	"Annelida_XX"	"Leitoscoloplos"
"265"	4	1	0.0268827279774693	"355"	"Eukaryota;Hacrobia;Katablepharidophyta;Katablepharidaceae;Katablepharidales;Katablepharidales_X;Katablepharis"	"Eukaryota"	"Hacrobia"	"Katablepharidophyta"	"Katablepharidaceae"	"Katablepharidales"	"Katablepharidales_X"	"Katablepharis"
"266"	4	1	0.0249948804567789	"648"	"Eukaryota;Stramenopiles;Ochrophyta;Chrysophyceae;Chrysophyceae_X;Chrysophyceae_Clade-I;Chrysophyceae_Clade-I_X"	"Eukaryota"	"Stramenopiles"	"Ochrophyta"	"Chrysophyceae"	"Chrysophyceae_X"	"Chrysophyceae_Clade-I"	"Chrysophyceae_Clade-I_X"
"267"	4	2	0.0228985422721213	"31"	"Eukaryota;Alveolata;Ciliophora;CONThreeP;CONThreeP_X;Urotrichidae;Urotricha"	"Eukaryota"	"Alveolata"	"Ciliophora"	"CONThreeP"	"CONThreeP_X"	"Urotrichidae"	"Urotricha"
"268"	4	1	0.0228140907826995	"543"	"Eukaryota;Rhizaria;Cercozoa;Filosa-Imbricatea;Filosa-Imbricatea_X;Novel-clade-2;Novel-clade-2_X"	"Eukaryota"	"Rhizaria"	"Cercozoa"	"Filosa-Imbricatea"	"Filosa-Imbricatea_X"	"Novel-clade-2"	"Novel-clade-2_X"
"269"	4	1	0.0228078654975855	"267"	"Eukaryota;Archaeplastida;Chlorophyta;Palmophyllophyceae;Prasinococcales;Prasinococcales-Clade-B;Prasinoderma"	"Eukaryota"	"Archaeplastida"	"Chlorophyta"	"Palmophyllophyceae"	"Prasinococcales"	"Prasinococcales-Clade-B"	"Prasinoderma"
"270"	4	1	0.0223688892926063	"14"	"Eukaryota;Alveolata;Apicomplexa;Apicomplexa_X;Gregarines;Gregarines_X;Gregarinidae"	"Eukaryota"	"Alveolata"	"Apicomplexa"	"Apicomplexa_X"	"Gregarines"	"Gregarines_X"	"Gregarinidae"
"271"	4	1	0.0219470999466543	"284"	"Eukaryota;Archaeplastida;Chlorophyta;Trebouxiophyceae;Trebouxiophyceae_X;Trebouxiophyceae_XX;Choricystis"	"Eukaryota"	"Archaeplastida"	"Chlorophyta"	"Trebouxiophyceae"	"Trebouxiophyceae_X"	"Trebouxiophyceae_XX"	"Choricystis"
"272"	4	2	0.0217024641299596	"139"	"Eukaryota;Alveolata;Dinoflagellata;Dinophyceae;Dinophyceae_X;Dinophyceae_XX;Dinophyceae_XXX"	"Eukaryota"	"Alveolata"	"Dinoflagellata"	"Dinophyceae"	"Dinophyceae_X"	"Dinophyceae_XX"	"Dinophyceae_XXX"
"273"	4	1	0.0209507686359015	"217"	"Eukaryota;Alveolata;Dinoflagellata;Syndiniales;Dino-Group-III;Dino-Group-III_X;Dino-Group-III_XX"	"Eukaryota"	"Alveolata"	"Dinoflagellata"	"Syndiniales"	"Dino-Group-III"	"Dino-Group-III_X"	"Dino-Group-III_XX"
"274"	4	1	0.0209002561701943	"278"	"Eukaryota;Archaeplastida;Chlorophyta;Trebouxiophyceae;Chlorellales;Chlorellales_X;__"	"Eukaryota"	"Archaeplastida"	"Chlorophyta"	"Trebouxiophyceae"	"Chlorellales"	"Chlorellales_X"	"__"
"275"	4	1	0.0207040007237311	"382"	"Eukaryota;Opisthokonta;Choanoflagellida;Choanoflagellatea;Acanthoecida;Stephanoecidae_Group_I;Stephanoecidae_Group_I_X"	"Eukaryota"	"Opisthokonta"	"Choanoflagellida"	"Choanoflagellatea"	"Acanthoecida"	"Stephanoecidae_Group_I"	"Stephanoecidae_Group_I_X"
"276"	4	1	0.0191739913852591	"305"	"Eukaryota;Archaeplastida;Streptophyta;Embryophyceae;Embryophyceae_X;Embryophyceae_XX;Pinus"	"Eukaryota"	"Archaeplastida"	"Streptophyta"	"Embryophyceae"	"Embryophyceae_X"	"Embryophyceae_XX"	"Pinus"
"277"	4	2	0.0186992320456795	"435"	"Eukaryota;Opisthokonta;Mesomycetozoa;Ichthyosporea;Ichthyosphonida;Pseudoperkinsidae;Pseudoperkinsus"	"Eukaryota"	"Opisthokonta"	"Mesomycetozoa"	"Ichthyosporea"	"Ichthyosphonida"	"Pseudoperkinsidae"	"Pseudoperkinsus"
"278"	4	3	0.0182684127182364	"448"	"Eukaryota;Opisthokonta;Metazoa;Arthropoda;__;__;__"	"Eukaryota"	"Opisthokonta"	"Metazoa"	"Arthropoda"	"__"	"__"	"__"
"279"	4	2	0.0182061670737366	"601"	"Eukaryota;Stramenopiles;Ochrophyta;Bacillariophyta;Bacillariophyta_X;Radial-centric-basal-Coscinodiscophyceae;__"	"Eukaryota"	"Stramenopiles"	"Ochrophyta"	"Bacillariophyta"	"Bacillariophyta_X"	"Radial-centric-basal-Coscinodiscophyceae"	"__"
"280"	4	2	0.0181309845478499	"501"	"Eukaryota;Opisthokonta;Metazoa;Platyhelminthes;Turbellaria;Polycladida;Paraplanocera"	"Eukaryota"	"Opisthokonta"	"Metazoa"	"Platyhelminthes"	"Turbellaria"	"Polycladida"	"Paraplanocera"
"281"	4	3	0.0176565445101147	"98"	"Eukaryota;Alveolata;Ciliophora;Spirotrichea;Euplotia;Aspidiscidae;Aspidisca"	"Eukaryota"	"Alveolata"	"Ciliophora"	"Spirotrichea"	"Euplotia"	"Aspidiscidae"	"Aspidisca"
"282"	4	1	0.016910835909035	"637"	"Eukaryota;Stramenopiles;Ochrophyta;Chrysophyceae;Chrysophyceae_X;Chrysophyceae_Clade-C;Chrysophyceae_Clade-C_X"	"Eukaryota"	"Stramenopiles"	"Ochrophyta"	"Chrysophyceae"	"Chrysophyceae_X"	"Chrysophyceae_Clade-C"	"Chrysophyceae_Clade-C_X"
"283"	4	1	0.0144301739122442	"192"	"Eukaryota;Alveolata;Dinoflagellata;Oxyrrhea;Oxyrrhinales;Oxyrrhinaceae;Oxyrrhis"	"Eukaryota"	"Alveolata"	"Dinoflagellata"	"Oxyrrhea"	"Oxyrrhinales"	"Oxyrrhinaceae"	"Oxyrrhis"
"284"	4	2	0.0137837550331613	"423"	"Eukaryota;Opisthokonta;Fungi;Chytridiomycota;Chytridiomycotina;Chytridiomycetes;Rhyzophidiales_X"	"Eukaryota"	"Opisthokonta"	"Fungi"	"Chytridiomycota"	"Chytridiomycotina"	"Chytridiomycetes"	"Rhyzophidiales_X"
"285"	4	1	0.0134705358280317	"349"	"Eukaryota;Hacrobia;Haptophyta;Prymnesiophyceae;Prymnesiales;Prymnesiaceae;Haptolina"	"Eukaryota"	"Hacrobia"	"Haptophyta"	"Prymnesiophyceae"	"Prymnesiales"	"Prymnesiaceae"	"Haptolina"
"286"	4	2	0.011354160105561	"219"	"Eukaryota;Alveolata;Perkinsea;Perkinsida;Perkinsida_X;Perkinsida_XX;Perkinsida_XXX"	"Eukaryota"	"Alveolata"	"Perkinsea"	"Perkinsida"	"Perkinsida_X"	"Perkinsida_XX"	"Perkinsida_XXX"
"287"	4	1	0.0093941308608948	"125"	"Eukaryota;Alveolata;Ciliophora;Spirotrichea;Strombidiida;Strombidiidae;Strombidium"	"Eukaryota"	"Alveolata"	"Ciliophora"	"Spirotrichea"	"Strombidiida"	"Strombidiidae"	"Strombidium"
"288"	4	2	0.00917869084422318	"544"	"Eukaryota;Rhizaria;Cercozoa;Filosa-Imbricatea;Marimonadida;Marimonadida_X;__"	"Eukaryota"	"Rhizaria"	"Cercozoa"	"Filosa-Imbricatea"	"Marimonadida"	"Marimonadida_X"	"__"
"289"	4	5	0.00266057439643153	"387"	"Eukaryota;Opisthokonta;Choanoflagellida;Choanoflagellatea;Craspedida;Monosigidae_Group_B;Monosigidae_Group_B_X"	"Eukaryota"	"Opisthokonta"	"Choanoflagellida"	"Choanoflagellatea"	"Craspedida"	"Monosigidae_Group_B"	"Monosigidae_Group_B_X"
"290"	4	3	0.000534691967367773	"751"	"Eukaryota;Stramenopiles;Stramenopiles_X;Stramenopiles_XX;Stramenopiles_XXX;Stramenopiles_XXXX;Stramenopiles_XXXXX"	"Eukaryota"	"Stramenopiles"	"Stramenopiles"	"Stramenopiles_XX"	"Stramenopiles_XXX"	"Stramenopiles_XXXX"	"Stramenopiles_XXXXX"
"291"	4	1	0.000225447700365256	"29"	"Eukaryota;Alveolata;Ciliophora;CONThreeP;CONThreeP_X;CONThreeP_XX;Askenasia"	"Eukaryota"	"Alveolata"	"Ciliophora"	"CONThreeP"	"CONThreeP_X"	"CONThreeP_XX"	"Askenasia"
"292"	4	1	-0.00103837747195368	"474"	"Eukaryota;Opisthokonta;Metazoa;Craniata;Craniata_X;__;__"	"Eukaryota"	"Opisthokonta"	"Metazoa"	"Craniata"	"Craniata_X"	"__"	"__"
"293"	4	1	-0.00167953152207667	"1"	"Eukaryota;__;__;__;__;__;__"	"Eukaryota"	"__"	"Other"	"__"	"__"	"__"	"__"
"294"	4	2	-0.00448998110956056	"591"	"Eukaryota;Stramenopiles;Ochrophyta;Bacillariophyta;Bacillariophyta_X;Polar-centric-Mediophyceae;__"	"Eukaryota"	"Stramenopiles"	"Ochrophyta"	"Bacillariophyta"	"Bacillariophyta_X"	"Polar-centric-Mediophyceae"	"__"
"295"	4	1	-0.00476998833814057	"359"	"Eukaryota;Hacrobia;Picozoa;Picozoa_X;Picozoa_XX;Picozoa_XXX;Picozoa_XXXX"	"Eukaryota"	"Hacrobia"	"Picozoa"	"Picozoa_X"	"Picozoa_XX"	"Picozoa_XXX"	"Picozoa_XXXX"
"296"	4	1	-0.00899705023762076	"176"	"Eukaryota;Alveolata;Dinoflagellata;Dinophyceae;Peridiniales;Thoracosphaeraceae;Luciella"	"Eukaryota"	"Alveolata"	"Dinoflagellata"	"Dinophyceae"	"Peridiniales"	"Thoracosphaeraceae"	"Luciella"
"297"	4	1	-0.0118482608066115	"49"	"Eukaryota;Alveolata;Ciliophora;Oligohymenophorea;Peritrichia_2;Sessilida;Zoothamnium_1"	"Eukaryota"	"Alveolata"	"Ciliophora"	"Oligohymenophorea"	"Peritrichia_2"	"Sessilida"	"Zoothamnium_1"
"298"	4	1	-0.0128491843317151	"617"	"Eukaryota;Stramenopiles;Ochrophyta;Bacillariophyta;Bacillariophyta_X;Raphid-pennate;Navicula"	"Eukaryota"	"Stramenopiles"	"Ochrophyta"	"Bacillariophyta"	"Bacillariophyta_X"	"Raphid-pennate"	"Navicula"
"299"	4	1	-0.0156465307225897	"138"	"Eukaryota;Alveolata;Dinoflagellata;Dinophyceae;Dinophyceae_X;Dinophyceae_XX;__"	"Eukaryota"	"Alveolata"	"Dinoflagellata"	"Dinophyceae"	"Dinophyceae_X"	"Dinophyceae_XX"	"__"
"300"	4	1	-0.0245239177435297	"590"	"Eukaryota;Stramenopiles;Ochrophyta;Bacillariophyta;Bacillariophyta_X;Araphid-pennate;Tabularia"	"Eukaryota"	"Stramenopiles"	"Ochrophyta"	"Bacillariophyta"	"Bacillariophyta_X"	"Araphid-pennate"	"Tabularia"
"301"	4	1	-0.0279386687748956	"575"	"Eukaryota;Rhizaria;Cercozoa;Filosa-Thecofilosea;Filosa-Thecofilosea_X;Mataza-lineage;Mataza-lineage_X"	"Eukaryota"	"Rhizaria"	"Cercozoa"	"Filosa-Thecofilosea"	"Filosa-Thecofilosea_X"	"Mataza-lineage"	"Mataza-lineage_X"
"302"	4	1	-0.0304183336304863	"630"	"Eukaryota;Stramenopiles;Ochrophyta;Chrysophyceae;Chrysophyceae_X;__;__"	"Eukaryota"	"Stramenopiles"	"Ochrophyta"	"Chrysophyceae"	"Chrysophyceae_X"	"__"	"__"
"303"	4	1	-0.041241089171084	"274"	"Eukaryota;Archaeplastida;Chlorophyta;Pyramimonadales;Pyramimonadales_X;Pyramimonadales_XX;Pterosperma"	"Eukaryota"	"Archaeplastida"	"Chlorophyta"	"Pyramimonadales"	"Pyramimonadales_X"	"Pyramimonadales_XX"	"Pterosperma"
"304"	5	1	0.239851541939792	"386"	"Eukaryota;Opisthokonta;Choanoflagellida;Choanoflagellatea;Craspedida;Monosigidae_Group_A;Monosigidae_Group_A_X"	"Eukaryota"	"Opisthokonta"	"Choanoflagellida"	"Choanoflagellatea"	"Craspedida"	"Monosigidae_Group_A"	"Monosigidae_Group_A_X"
"305"	5	3	0.229490543852895	"606"	"Eukaryota;Stramenopiles;Ochrophyta;Bacillariophyta;Bacillariophyta_X;Radial-centric-basal-Coscinodiscophyceae;Rhizosolenia"	"Eukaryota"	"Stramenopiles"	"Ochrophyta"	"Bacillariophyta"	"Bacillariophyta_X"	"Radial-centric-basal-Coscinodiscophyceae"	"Rhizosolenia"
"306"	5	1	0.201296266582652	"166"	"Eukaryota;Alveolata;Dinoflagellata;Dinophyceae;Peridiniales;Amphidiniopsidaceae;Archaeperidinium"	"Eukaryota"	"Alveolata"	"Dinoflagellata"	"Dinophyceae"	"Peridiniales"	"Amphidiniopsidaceae"	"Archaeperidinium"
"307"	5	1	0.187420090920629	"191"	"Eukaryota;Alveolata;Dinoflagellata;Dinophyceae;Torodiniales;Torodiniaceae;Kapelodinium"	"Eukaryota"	"Alveolata"	"Dinoflagellata"	"Dinophyceae"	"Torodiniales"	"Torodiniaceae"	"Kapelodinium"
"308"	5	1	0.159452895510997	"500"	"Eukaryota;Opisthokonta;Metazoa;Platyhelminthes;Turbellaria;Polycladida;Notoplana"	"Eukaryota"	"Opisthokonta"	"Metazoa"	"Platyhelminthes"	"Turbellaria"	"Polycladida"	"Notoplana"
"309"	5	1	0.143084353094418	"79"	"Eukaryota;Alveolata;Ciliophora;Phyllopharyngea;Synhymenia;Orthodonellidae;Zosterodasys"	"Eukaryota"	"Alveolata"	"Ciliophora"	"Phyllopharyngea"	"Synhymenia"	"Orthodonellidae"	"Zosterodasys"
"310"	5	1	0.140002118586081	"198"	"Eukaryota;Alveolata;Dinoflagellata;Syndiniales;Dino-Group-II;Dino-Group-II_X;Dino-Group-II-Clade-52_X"	"Eukaryota"	"Alveolata"	"Dinoflagellata"	"Syndiniales"	"Dino-Group-II"	"Dino-Group-II_X"	"Dino-Group-II-Clade-52_X"
"311"	5	1	0.126724342179166	"187"	"Eukaryota;Alveolata;Dinoflagellata;Dinophyceae;Suessiales;Suessiaceae;Biecheleria"	"Eukaryota"	"Alveolata"	"Dinoflagellata"	"Dinophyceae"	"Suessiales"	"Suessiaceae"	"Biecheleria"
"312"	5	3	0.124232119584947	"321"	"Eukaryota;Hacrobia;Centroheliozoa;Centroheliozoa_X;Pterocystida;Pterocystida_X;Pterocystida_XX"	"Eukaryota"	"Hacrobia"	"Centroheliozoa"	"Centroheliozoa_X"	"Pterocystida"	"Pterocystida_X"	"Pterocystida_XX"
"313"	5	1	0.117096002352513	"499"	"Eukaryota;Opisthokonta;Metazoa;Platyhelminthes;Turbellaria;Polycladida;__"	"Eukaryota"	"Opisthokonta"	"Metazoa"	"Platyhelminthes"	"Turbellaria"	"Polycladida"	"__"
"314"	5	1	0.116550658035538	"169"	"Eukaryota;Alveolata;Dinoflagellata;Dinophyceae;Peridiniales;Diplopsalidaceae;Diplopsalis"	"Eukaryota"	"Alveolata"	"Dinoflagellata"	"Dinophyceae"	"Peridiniales"	"Diplopsalidaceae"	"Diplopsalis"
"315"	5	3	0.11514238935545	"94"	"Eukaryota;Alveolata;Ciliophora;Spirotrichea;Choreotrichida;Strobilidiidae_I;Pelagostrobilidium"	"Eukaryota"	"Alveolata"	"Ciliophora"	"Spirotrichea"	"Choreotrichida"	"Strobilidiidae_I"	"Pelagostrobilidium"
"316"	5	1	0.108209076584431	"152"	"Eukaryota;Alveolata;Dinoflagellata;Dinophyceae;Gymnodiniales;__;__"	"Eukaryota"	"Alveolata"	"Dinoflagellata"	"Dinophyceae"	"Gymnodiniales"	"__"	"__"
"317"	5	1	0.108141030928283	"150"	"Eukaryota;Alveolata;Dinoflagellata;Dinophyceae;Gonyaulacales;Pyrophacaceae;Fragilidium"	"Eukaryota"	"Alveolata"	"Dinoflagellata"	"Dinophyceae"	"Gonyaulacales"	"Pyrophacaceae"	"Fragilidium"
"318"	5	1	0.103286757491486	"318"	"Eukaryota;Hacrobia;Centroheliozoa;Centroheliozoa_X;Centroheliozoa_XX;Centroheliozoa_XXX;Centroheliozoa_XXXX"	"Eukaryota"	"Hacrobia"	"Centroheliozoa"	"Centroheliozoa_X"	"Centroheliozoa_XX"	"Centroheliozoa_XXX"	"Centroheliozoa_XXXX"
"319"	5	1	0.102795861109573	"692"	"Eukaryota;Stramenopiles;Stramenopiles_X;Labyrinthulea;Labyrinthulales;Labyrinthulaceae;Aplanochytrium"	"Eukaryota"	"Stramenopiles"	"Stramenopiles"	"Labyrinthulea"	"Labyrinthulales"	"Labyrinthulaceae"	"Aplanochytrium"
"320"	5	1	0.10074618096817	"195"	"Eukaryota;Alveolata;Dinoflagellata;Syndiniales;Dino-Group-I;Dino-Group-I-Clade-4;Euduboscquella"	"Eukaryota"	"Alveolata"	"Dinoflagellata"	"Syndiniales"	"Dino-Group-I"	"Dino-Group-I-Clade-4"	"Euduboscquella"
"321"	5	1	0.0997591169296096	"509"	"Eukaryota;Opisthokonta;Metazoa;Rotifera;Rotifera_X;Rotifera_XX;Sinantherina"	"Eukaryota"	"Opisthokonta"	"Metazoa"	"Rotifera"	"Rotifera_X"	"Rotifera_XX"	"Sinantherina"
"322"	5	3	0.0995654873566597	"236"	"Eukaryota;Archaeplastida;Chlorophyta;__;__;__;__"	"Eukaryota"	"Archaeplastida"	"Chlorophyta"	"__"	"__"	"__"	"__"
"323"	5	4	0.0946641885493572	"438"	"Eukaryota;Opisthokonta;Metazoa;__;__;__;__"	"Eukaryota"	"Opisthokonta"	"Metazoa"	"__"	"__"	"__"	"__"
"324"	5	1	0.0918639029391842	"208"	"Eukaryota;Alveolata;Dinoflagellata;Syndiniales;Dino-Group-II;Dino-Group-II-Clade-32;Dino-Group-II-Clade-32_X"	"Eukaryota"	"Alveolata"	"Dinoflagellata"	"Syndiniales"	"Dino-Group-II"	"Dino-Group-II-Clade-32"	"Dino-Group-II-Clade-32_X"
"325"	5	3	0.091568001882893	"181"	"Eukaryota;Alveolata;Dinoflagellata;Dinophyceae;Peridiniales;Thoracosphaeraceae;Stoeckeria"	"Eukaryota"	"Alveolata"	"Dinoflagellata"	"Dinophyceae"	"Peridiniales"	"Thoracosphaeraceae"	"Stoeckeria"
"326"	5	3	0.0877401129828684	"515"	"Eukaryota;Rhizaria;Cercozoa;Endomyxa;Novel-clade-9;Novel-clade-9_X;Novel-clade-9_XX"	"Eukaryota"	"Rhizaria"	"Cercozoa"	"Endomyxa"	"Novel-clade-9"	"Novel-clade-9_X"	"Novel-clade-9_XX"
"327"	5	3	0.0831726172854959	"149"	"Eukaryota;Alveolata;Dinoflagellata;Dinophyceae;Gonyaulacales;Gonyaulacaceae;Lingulodinium"	"Eukaryota"	"Alveolata"	"Dinoflagellata"	"Dinophyceae"	"Gonyaulacales"	"Gonyaulacaceae"	"Lingulodinium"
"328"	5	1	0.0793806202768529	"114"	"Eukaryota;Alveolata;Ciliophora;Spirotrichea;Strombidiida;Strombidiidae_K;__"	"Eukaryota"	"Alveolata"	"Ciliophora"	"Spirotrichea"	"Strombidiida"	"Strombidiidae_K"	"__"
"329"	5	3	0.0769438253717322	"136"	"Eukaryota;Alveolata;Dinoflagellata;__;__;__;__"	"Eukaryota"	"Alveolata"	"Dinoflagellata"	"__"	"__"	"__"	"__"
"330"	5	4	0.0669585596478364	"607"	"Eukaryota;Stramenopiles;Ochrophyta;Bacillariophyta;Bacillariophyta_X;Raphid-pennate;__"	"Eukaryota"	"Stramenopiles"	"Ochrophyta"	"Bacillariophyta"	"Bacillariophyta_X"	"Raphid-pennate"	"__"
"331"	5	1	0.0656029153160977	"151"	"Eukaryota;Alveolata;Dinoflagellata;Dinophyceae;Gonyaulacales;Pyrophacaceae;Pyrophacus"	"Eukaryota"	"Alveolata"	"Dinoflagellata"	"Dinophyceae"	"Gonyaulacales"	"Pyrophacaceae"	"Pyrophacus"
"332"	5	3	0.0607434325148354	"170"	"Eukaryota;Alveolata;Dinoflagellata;Dinophyceae;Peridiniales;Heterocapsaceae;Heterocapsa"	"Eukaryota"	"Alveolata"	"Dinoflagellata"	"Dinophyceae"	"Peridiniales"	"Heterocapsaceae"	"Heterocapsa"
"333"	5	3	0.0554955621051365	"507"	"Eukaryota;Opisthokonta;Metazoa;Rotifera;Rotifera_X;Rotifera_XX;__"	"Eukaryota"	"Opisthokonta"	"Metazoa"	"Rotifera"	"Rotifera_X"	"Rotifera_XX"	"__"
"334"	5	1	0.0476239277128061	"510"	"Eukaryota;Rhizaria;Cercozoa;__;__;__;__"	"Eukaryota"	"Rhizaria"	"Cercozoa"	"__"	"__"	"__"	"__"
"335"	5	1	0.0444901467093975	"129"	"Eukaryota;Alveolata;Ciliophora;Spirotrichea;Tintinnida;Eutintinnidae;Eutintinnidae_X"	"Eukaryota"	"Alveolata"	"Ciliophora"	"Spirotrichea"	"Tintinnida"	"Eutintinnidae"	"Eutintinnidae_X"
"336"	5	4	0.043128438445479	"160"	"Eukaryota;Alveolata;Dinoflagellata;Dinophyceae;Gymnodiniales;Gymnodiniaceae;Paragymnodinium"	"Eukaryota"	"Alveolata"	"Dinoflagellata"	"Dinophyceae"	"Gymnodiniales"	"Gymnodiniaceae"	"Paragymnodinium"
"337"	5	1	0.0428800351261013	"201"	"Eukaryota;Alveolata;Dinoflagellata;Syndiniales;Dino-Group-II;Dino-Group-II-Clade-14;Dino-Group-II-Clade-14_X"	"Eukaryota"	"Alveolata"	"Dinoflagellata"	"Syndiniales"	"Dino-Group-II"	"Dino-Group-II-Clade-14"	"Dino-Group-II-Clade-14_X"
"338"	5	1	0.0396634321709582	"183"	"Eukaryota;Alveolata;Dinoflagellata;Dinophyceae;Prorocentrales;Prorocentraceae;Prorocentrum"	"Eukaryota"	"Alveolata"	"Dinoflagellata"	"Dinophyceae"	"Prorocentrales"	"Prorocentraceae"	"Prorocentrum"
"339"	5	1	0.0393753411054043	"153"	"Eukaryota;Alveolata;Dinoflagellata;Dinophyceae;Gymnodiniales;Gymnodiniaceae;__"	"Eukaryota"	"Alveolata"	"Dinoflagellata"	"Dinophyceae"	"Gymnodiniales"	"Gymnodiniaceae"	"__"
"340"	5	3	0.0346668032493342	"319"	"Eukaryota;Hacrobia;Centroheliozoa;Centroheliozoa_X;Microhelida;Microhelida_X;Microhelida_XX"	"Eukaryota"	"Hacrobia"	"Centroheliozoa"	"Centroheliozoa_X"	"Microhelida"	"Microhelida_X"	"Microhelida_XX"
"341"	5	3	0.0335318356748681	"148"	"Eukaryota;Alveolata;Dinoflagellata;Dinophyceae;Gonyaulacales;Gonyaulacaceae;Gonyaulax"	"Eukaryota"	"Alveolata"	"Dinoflagellata"	"Dinophyceae"	"Gonyaulacales"	"Gonyaulacaceae"	"Gonyaulax"
"342"	5	2	0.0280435970266328	"27"	"Eukaryota;Alveolata;Ciliophora;CONTH_8;CONTH_8_X;CONTH_8_XX;CONTH_8_XXX"	"Eukaryota"	"Alveolata"	"Ciliophora"	"CONTH_8"	"CONTH_8_X"	"CONTH_8_XX"	"CONTH_8_XXX"
"343"	5	1	0.025826944085878	"373"	"Eukaryota;Opisthokonta;Choanoflagellida;Choanoflagellatea;Acanthoecida;Acanthoecidae_Group_G;Savillea"	"Eukaryota"	"Opisthokonta"	"Choanoflagellida"	"Choanoflagellatea"	"Acanthoecida"	"Acanthoecidae_Group_G"	"Savillea"
"344"	5	3	0.0239537587756641	"598"	"Eukaryota;Stramenopiles;Ochrophyta;Bacillariophyta;Bacillariophyta_X;Polar-centric-Mediophyceae;Minutocellus"	"Eukaryota"	"Stramenopiles"	"Ochrophyta"	"Bacillariophyta"	"Bacillariophyta_X"	"Polar-centric-Mediophyceae"	"Minutocellus"
"345"	5	4	0.0200451639857363	"350"	"Eukaryota;Hacrobia;Haptophyta;Prymnesiophyceae;Prymnesiales;Prymnesiaceae;Prymnesium"	"Eukaryota"	"Hacrobia"	"Haptophyta"	"Prymnesiophyceae"	"Prymnesiales"	"Prymnesiaceae"	"Prymnesium"
"346"	5	3	0.0170092287887041	"657"	"Eukaryota;Stramenopiles;Ochrophyta;Dictyochophyceae;Dictyochophyceae_X;Pedinellales;Pseudopedinella"	"Eukaryota"	"Stramenopiles"	"Ochrophyta"	"Dictyochophyceae"	"Dictyochophyceae_X"	"Pedinellales"	"Pseudopedinella"
"347"	5	4	0.00720624956768934	"168"	"Eukaryota;Alveolata;Dinoflagellata;Dinophyceae;Peridiniales;Amphidomataceae;Azadinium"	"Eukaryota"	"Alveolata"	"Dinoflagellata"	"Dinophyceae"	"Peridiniales"	"Amphidomataceae"	"Azadinium"
"348"	5	2	0.00614546227208124	"717"	"Eukaryota;Stramenopiles;Stramenopiles_X;MAST;MAST-2;MAST-2B;MAST-2B_X"	"Eukaryota"	"Stramenopiles"	"Stramenopiles"	"MAST"	"MAST-2"	"MAST-2B"	"MAST-2B_X"
"349"	5	4	0.00431628800947781	"257"	"Eukaryota;Archaeplastida;Chlorophyta;Mamiellophyceae;Mamiellales;Bathycoccaceae;Bathycoccus"	"Eukaryota"	"Archaeplastida"	"Chlorophyta"	"Mamiellophyceae"	"Mamiellales"	"Bathycoccaceae"	"Bathycoccus"
"350"	5	4	0.00409313627941299	"275"	"Eukaryota;Archaeplastida;Chlorophyta;Pyramimonadales;Pyramimonadales_X;Pyramimonadales_XX;Pyramimonadales_XXX"	"Eukaryota"	"Archaeplastida"	"Chlorophyta"	"Pyramimonadales"	"Pyramimonadales_X"	"Pyramimonadales_XX"	"Pyramimonadales_XXX"
"351"	5	3	-0.000262362576677	"67"	"Eukaryota;Alveolata;Ciliophora;Oligohymenophorea;Scuticociliatia_2;Scuticociliatia_2_X;Cyclidium_3"	"Eukaryota"	"Alveolata"	"Ciliophora"	"Oligohymenophorea"	"Scuticociliatia_2"	"Scuticociliatia_2_X"	"Cyclidium_3"
"352"	5	1	-0.00852632656515806	"190"	"Eukaryota;Alveolata;Dinoflagellata;Dinophyceae;Suessiales;Suessiaceae;Protodinium"	"Eukaryota"	"Alveolata"	"Dinoflagellata"	"Dinophyceae"	"Suessiales"	"Suessiaceae"	"Protodinium"
"353"	5	3	-0.0144157715279406	"511"	"Eukaryota;Rhizaria;Cercozoa;Cercozoa_X;Cercozoa_XX;Cercozoa_XXX;Cercozoa_XXXX"	"Eukaryota"	"Rhizaria"	"Cercozoa"	"Cercozoa_X"	"Cercozoa_XX"	"Cercozoa_XXX"	"Cercozoa_XXXX"
"354"	5	3	-0.0377790140672134	"749"	"Eukaryota;Stramenopiles;Stramenopiles_X;Stramenopiles_X-Group-6;Stramenopiles_X-Group-6_X;Stramenopiles_X-Group-6_XX;Stramenopiles_X-Group-6_XXX"	"Eukaryota"	"Stramenopiles"	"Stramenopiles"	"Stramenopiles_X-Group-6"	"Stramenopiles_X-Group-6_X"	"Stramenopiles_X-Group-6_XX"	"Stramenopiles_X-Group-6_XXX"
